,paperID,categoryID
0,42b323b6df79e49c9bf5cee2a91398a7fa3d594d,cs.AI
1,af063194baee08931f12facdffc573e4bd29c463,cs.CL
2,f2aca403781821618d7a69d98a9fbddccb236081,cs.DB
3,9921e8a2ed1d7ddaf6fdc6491d7cea321073c0b3,cs.AI
4,fb08c6d5f8fe80cfbd9efa75b710f326f4846a0f,cs.CL
5,8ef2e6b11b519b609bfaa7ed056f621cee15d552,cs.AI
6,a0fcba8e4302e506d73c7c6987c6d655fefa9f4d,cs.AI
7,56ac7e9d87200bdb3da8df52830eaa9e1ab4cc23,cs.LG
8,52995bcade40d1c4f6d661a40bde60a7f8c4425c,cs.AI
9,3721a8bc7aed12e42ed446bee791d3117f32c101,cs.AI
10,ba6d96444b7f65066ba62e66758664f1dcb59aae,cs.AI
11,9ea5874d261359e287eabb735de38a8edba1e091,cs.IR
12,ed315478e4590d2ced5a3e3c849981119f50600e,cs.CL
13,9dbd26f6bab1664beb0a8b0cd6f9739d6d7a330a,cs.AI
14,66a941202042bc808f05504616b5c0bfc7f60603,cs.DB
15,e88b8aecc0bbfded09a0dd9100bdc9ab68750686,cs.LG
16,679f709e2736b0970429a2972f0aea48664bdbc3,cs.CL
17,cb5fdc106ecee0bf90091e0468c1a7388b6eb923,cs.LG
18,90ddb49981e31378025de4e06c2347c174b8b5ae,stat.ML
19,808ed52fa1923f0c7aa53b92d2799f7761250775,cs.AI
20,1909fcceedd2663aa452d67c4c1200651299a8f4,cs.AI
21,91075f524e74bdc618fea689416de22c1cf2a472,cs.AI
22,d7993e014f232a851dc46feb45ec454afe3faa5a,cs.AI
23,8809aa2207bdd26488603ec02389ecef720c9422,cs.LG
24,31184789ef4c3084af930b1e0dede3215b4a9240,cs.CL
25,d1b0f91b0738001fbb1b8e8efb94c33a5e76ae4f,cs.CL
26,ca8f25b6c49c7f34380a7c6623e74f63f3a48771,cs.IR
27,182f055c40bfcff45d0ce6eb68e2d8684d0931dc,cs.CL
28,5925f186996d0135d73aa57305b096c8ef29a817,cs.AI
29,93c6f1fd13bb7d6f96020647de39072506b33df9,cs.AI
30,20fd8eb5a128b72ce8ab8bfee37ddbae87c49237,cs.LG
31,3c183e10dc822ae615d5eb2b6f180958ab12a224,quant-ph
32,b6374540edc2510db74346f28b34f81d472fd98c,cs.AI
33,ef1ef85adc38356023ada0b4abc3db4d395587dd,cs.LG
34,5029b727b3ac4c4819a68db4ad3d1e8b7f89f96f,cs.CL
35,e529d97265f21951163aeed89ce6e96f89231d91,cs.LG
36,b6e33e8bda4838bd43f29d19ba992b91c0ddd710,cs.DL
37,293bdfcefd8100812d6ad43143e33551a70850c1,cs.DB
38,e93565f447a42b158df27ba75385f5e2fc30dde7,cs.LG
39,cb7a543d7fb87df2242f569bbedc1becc5585c1c,cs.LG
40,f36a0c4cb8e084539311974fa40452b305840e93,cs.AI
41,b12967a61cb12f0bea4f2cc232b0e66946c1b47b,cs.DB
42,d31ba388a36fd78990f546c108e0f304e4d012ba,cs.LG
43,48c2e0d87b84efca7f11462bbdac1be1177e2433,cs.LG
44,9acb2df43927a2df64a4b9d39d68ab0a482d05f5,cs.CL
45,a554a1451b0c65463885d630a94b9888afb06c90,cs.AI
46,8adfdceed266d8fc52b1f0e9b8ebe3ce5c4e3bac,cs.DB
47,9fa9d5dd481400b2f3904b33d542d70a6affccb9,cs.CL
48,7eda139d737eea10fc1d95364327a41ec0cee4a4,cs.CL
49,441068ef17c3332d4f0af6c146e37bd8748bb90e,cs.CL
50,69e8c5d46e7447a78728fda863684bc62b06e8cd,cs.AI
51,0d9788fe7ce88ecc85d4e3d666f808cea0cde97d,cs.AI
52,16acc39e6d2e26e8a54bc6fa7305dbdb2b9a24e3,cs.SI
53,7ae13b8ff959331b9872acde519999c20195fc6b,cs.CL
54,ccb055aba5f2f76f23598de0d101844a1a14fb84,cs.CL
55,1f5912131900f958df824db4f9a46ae8b0e00a3c,cs.AI
56,845b4941d8c016aa5f8967da2f86d38ef6c18fa3,cs.CL
57,2275ef93c522a4da59babfd06c0d976480ab5192,cs.CL
58,3f7c241000e1add7e825f287492384708941172b,cs.CL
59,1ed7e6256ac10f80ce184cc3c4cc29ac07720eec,cs.DB
60,a94c3bc52cdbb8b15eb41a06c4ec7513eb1da0f1,cs.CV
61,fff48be5e6ef0cab7e45198a768fc62b9e626be2,cs.AI
62,aeab41199894a0828f4d1cfbdb2089cc1a0449b7,cs.AI
63,1676422146e7141974a3024c0dcc52e8b3f838e8,cs.AI
64,ccbbdb060c4f513600098c60357a1bd781fdf48c,cs.AI
65,793ee43acf3b0fad950125f3f56810e15f73cea7,cs.AI
66,f9a7b62877f25316d64c234e95955c0d7d7b0785,cs.CR
67,d47a322beb3fecd50f5b22c9319221b02e155425,cs.AI
68,f500a89036f43473001459db4c2d2274154146ce,cs.AI
69,326e25f9b889745bce49587130a20d46f96076eb,cs.DL
70,433d704797c2d6a9b3ae67ab94240e1d4aa2b060,cs.LG
71,eef59a967f7248cd8da06ef55a23ce426904cb8b,cs.CL
72,594fbd15851e1c4470a09c6dd032cc005706f707,cs.LG
73,d7d8323bb80aacbcff7253d057aba359beb418f0,cs.CV
74,347172d699e9da6d7b6aa4c69ec85f001a659879,cs.CL
75,bbd5db3b21eb9de3c0a13a43e125746be1079912,cs.AI
76,37bf0bf34603145246c3311df19e2afdf6e0270a,cs.CL
77,7fcb917cd4b6d0c77c41b4a1b1dc0c4d1965ba7b,cs.CL
78,f61fde0b364f355224a2275f8f60bcac4d2344ba,cs.AI
79,b9819f96f915cf8a71e017386dbf508ca6ebfaf5,cs.CL
80,e0ca83f36b06511e80e9d9672ce0acea7eee7923,stat.ML
81,6a4717480671318c55a4ea21844f77e1567ecb0c,cs.DB
82,0e650e3df99fc8e8c129b81bfe51f58a98c31a6a,cs.HC
83,354fbd86ee53a0b3f9dd7155b871de6ee634f78d,cs.CL
84,0f6054ff2f32f5ecf9ff4d2dc129d9e1af4707c2,cs.IR
85,2efda362405749009a715a5213ebfbbc7e1c18ef,cs.AI
86,467b189d982c2d3e002f27207bf28a545394a27a,cs.AI
87,9206747395d297971c54a8b678a0e3dec8ab8101,cs.AI
88,6fce45adb2c8aab6569455eb41112dc25a07b01e,cs.AI
89,495cb4939f8e974a55028d8b27d653a25be5320b,cs.IR
90,234008e7dd2f09143ae0a259955ac9512b95667c,cs.IR
91,ea4fa9e7155cf064de19862e41a6e63738770012,cs.CL
92,31bc7d46a6b57d42eb2ae5efefa10e1b08488aa2,cs.DB
93,73965db326aee64123487676b6230bf417940698,cs.LG
94,5965a485cd26bb8840cf5b602c396e845530d1d1,cs.LG
95,c70c5bae4042f8b1b7a15a6c62f2ba3f6bfda982,cs.HC
96,c60812918e84fe24fe173cfd7dd4d79559c5bbed,cs.LG
97,f68e10067596e87c16c7ba383468077f77ed8fc1,cs.DB
98,990334cf76845e2da64d3baa10b0a671e433d4b6,cs.AI
99,5ed79d0c83b14df7a4eb4eddd046c4128c0766d6,cs.CL
100,2e44b3b6f7f85f8cbcce0d2dc07f854a7d12a120,cs.CV
101,1f20378d2820fdf1c1bb09ce22f739ab77b14e82,cs.IR
102,4f42a0782f8b25fff62214e70bc43ce88f914c19,cs.CL
103,9ebfcc067d43f785ecd9d4c877f4bc186b08b291,cs.AI
104,aa55f4bafba03b7d2f7314fed61b924438d1a62c,cs.CL
105,6fcb834ac66cde71d50a54f83286bf4cbd92eebd,cs.LG
106,ebb701a8903f545d5983fb790474277222126522,cs.CL
107,b884c9a9e1bf2e4234cd31653183efd2c1ddf981,cs.CV
108,d8b538b88d9243f3ed5230437e66df35bff968ca,cs.CL
109,6071b89c257d36490fd6f0877174adabad265d92,cs.CL
110,7b4280be11bea25d5b40d121e93b6e1c6b45b75a,cs.NE
111,35bd9b15c8b2834ea381b8be879638bb1955db23,cs.LG
112,93e6ba25e4c45c3f204a09b6a6b8b02bd3596091,cs.DB
113,a90f4f298b7cc88ad8f30702825fe735eb788e73,cs.CL
114,567b7c53e5d11b33a7955488b1ef27392f2a2123,cs.LG
115,9b68475f787be0999e7d09456003e664d37c2155,cs.AI
116,4582779668ab801f29db457790cd291767510035,cs.IR
117,7b2efc62b9a46e711916e524070e2c057d152047,cs.AI
118,d3d773ad6583198af6e115c0ac47d13504d13e6f,cs.LG
119,c651019b28c5e4f358d72779487bcc17e5ef726b,cs.CL
120,1d91abbfedd5a230b6bc8a918afaf299d700749c,cs.DB
121,d03934c360b0c139ee219264fe5f05bbf0a558b4,cs.DC
122,c6ae95795d3708f3b0f231e2e301b901a3b4aff9,cs.AI
123,56765a17295370c70cbc510329c082ec60ed3c62,cs.CL
124,594dc362b4332ae661e3d71da17d097bb4a357dd,cs.LG
125,a30bd328bc36a3f75aa18f653919611b1a8ea23d,cs.CL
126,b62d04560fefc24a9d0933a4c2130f966155b289,cs.LG
127,9eb933a666c527f6142ed65033a088215d76006d,cs.AI
128,fe17386710d62de72b1dfb0aec34f76bfd312ae8,cs.CL
129,67d131c852c394bb748759a1b661671aff378aba,cs.LG
130,571bceb6b1f08e1c5efb1b1504a08f55f129e433,cs.IR
131,8c7bd196ad6373f2ab49029e0feb08b564b699a5,cs.LG
132,52e078d88f54ea28d83cb9e84f52d3785203a363,cs.AI
133,7bf607c643a1f7f4607db84dfc0f4b63ff0bde70,cs.CL
134,ee0a18889a0007a88e9411880bb1c2e75a7610ea,cs.AI
135,918381ce2c8f6afa3a25ac88bf2008733c5a3255,cs.LG
136,0928ae1a420c379bfa1f3f01225606b64e9ad168,cs.LG
137,44edf1089415cf12503cde2bc991764a5bbcfd1b,cs.AI
138,5cc2bd2a0c279a70b9582b8737ea6e97d01a1fb3,stat.AP
139,60724aa3b8f903d4ecdd1aa2173504e9adf07234,cs.AI
140,f8cebf9a279a59ea70136ec7a33bf9f4db43e661,cs.AI
141,2fb4de3d12a46dadbbd10d0d6410d645d14444c2,cs.LG
142,ec61bc70c26436eeac63637b75ce4ab0127561aa,cs.AI
143,17bbebda928f6a1d60a33faff13d6274998baeac,cs.AI
144,0996cc489d8fb849d1ed406a8a89110614d4b55d,cs.AI
145,70ed836bac30f80b039508f482cd2f5f90061bc5,cs.CL
146,f1957038e9ded19108d3c71340d7462152b70f25,cs.CL
147,3d61a28b9429fc8f7047fc379a0134a3765edbcb,cs.CL
148,a1bec459a755ed399daf4671fcbd93293d765f37,cs.CL
149,cda81da1f54f9d9854e28e2e9b289b7199ea4e59,cs.SI
150,1f934b978f93cae0b3270c1d7e7cc978c3176960,cs.DL
151,89cf9719b97e69f5bb7d715d5a16609676c14e86,cs.AI
152,8875a3d15ade0636c4833a5d3a2dfac1266deaba,cs.AI
153,5bfa4e2e12562b61bb7cf198562229ef3796b755,cs.AI
154,a3c6b5ad5c77544690ee5fc44a6b19c2785c1b87,cs.RO
155,bc4d9e4d4125af59931cf9663a7e2928ce280c72,cs.LG
156,2bf257acf56fb214af71b123f1b734263242cc36,cs.CV
157,4e51f760690172bb2d9fd322cae8796ec69d2b77,cs.SI
158,f42d060fb530a11daecd90695211c01a5c264f8d,cs.AI
159,359e69fad446079c24b513396ea2773b0bbbd1d8,cs.AI
160,39db318e2dc3b0ea7f8616051277ed19d7e62081,cs.CL
161,fd0f37d4f2cecfc840276682ff4ea180feec6dcd,cs.AI
162,93d9da4cf14daf5ccff9f82f0d9440b19609fae6,cs.LG
163,aa161e40523435b9c729043bb226063f02ce5ddd,cs.CL
164,233e48a00e5172819b36d3834cd0f4335b7ed595,cs.CL
165,02033e83ff310f35e4623bd339982c52d926f2d5,cs.CL
166,0c0134d77db7234a22a347ff32a2d76e4056dc24,cs.IR
167,c14e788dfc6f5dcb34426825091faa7eeef42b04,cs.DL
168,9b99359713042ee8338b9f127401b0d6ce5d2013,cs.CL
169,9442b054b6f1742da77e002a6238988ae1e640b4,cs.LG
170,3117ac0b3946a06218eeb1cdf2c4005e8ed5b866,cs.CV
171,751847249a647d67c428e0a5e1da2173832f858d,cs.AI
172,da7bf37d612e908be916db9aab4b50022281cb76,cs.AI
173,55060987bcde0d63c8e25633dfddfb10dcdf1761,cs.AI
174,710d183174844da5b7f392667f3cc25d2b098dde,cs.CL
175,5df36f0cff2281255ed2ae7814e8d3cba0d5f94f,cs.AI
176,16fe222db4fd51638a66dd7dbecfe7395580f774,cs.DB
177,776bb801f581d6d052e695ae5d2e1e82e525e8b3,cs.CL
178,a1456f4f31a1084b7e924fd1226e205b817899b2,cs.LG
179,3d6b094f439ceae770ad1ca5cb322421debf3ba8,cs.CL
180,b306c30647ef07af8a5b31ca35aab8395a13fea4,cs.CL
181,98a666e1fa13041268c6c21b3669057b4d68aee7,cs.DB
182,fbd8695a67e8e9d91383cbe241109f39ee279b33,cs.LG
183,38c4c08a873dea392d5a873560f71f8e8a77fd6f,cs.IR
184,f3875448bd864f781d5972f76a40f8e402cadb21,cs.CR
185,bdd297aff687ac360efe28338f5dec884d301221,q-bio.QM
186,7ccc01dc90439bcab05d4ab07c1d2bc902bbaeb9,cs.AI
187,e1dfcdf634c8b5f520c10b076d03bccc23729754,cs.CL
188,b77359a6c23331adaceb3573f16107a311dc52ef,cs.CL
189,78a17bab2fd5a27c1d4f3ededf1330dbe42f437f,cs.DB
190,d8108cc2fb2652e2b14145d723e5bd3480aec56a,cs.AI
191,3936283c320b3b3fc948121c2a9fb1e790425a07,cs.AI
192,ad7dae2b8a67fa867c9a537d623703a1e6164fcc,cs.CR
193,146c4c67365dd7dda6c1702f2f76ffa3e943f017,cs.IR
194,d8c3eea3361f8e3e4efc24e661c8411dd381a606,cs.IR
195,43b80f49c3bfc0181b5fe30e89906119e5f2195c,cs.IR
196,9109becab39b3d0ae8a3bad773ead899cbe7eb6c,cs.AI
197,25e461c65a110cf31031c45125ab69c13d1b5fc2,cs.CL
198,20b726214b1cfc3e2aebbbb53bfb9e94201a9acc,cs.LG
199,da7edd5fd64f680954ec987047f1f3b8756a4830,cs.AI
200,fe5ad9dfbe10f8d10a1236a68c898eaaa2a508cf,cs.CL
201,060eda10eb25d1a0f45c222a82049fe0978d4d64,cs.LG
202,abea782b5d0bdb4cd90ec42f672711613e71e43e,cs.AI
203,4be29e1cd866ab31f83f03723e2f307cdc1faab0,cs.LG
204,f3d6be9d5ed8cf5b2a4237f287573703bda57d10,cs.AI
205,4e1d97d3c4ef5e217f3bd7ab95aa251a10a748b0,cs.DC
206,f994496e046718e4d72cb8dd540aacd3aff97444,cs.CL
207,cd83523830c9180a7fb1fd32c9e9ca7062dcb540,cs.CV
208,4e52607397a96fb2104a99c570c9cec29c9ca519,cs.LG
209,7c5e6720fa4c3cd73fd915bc71dea5e78184b262,cs.CV
210,2ad36e7d6e760d8078b181d80a7f1083bb44ef34,cs.CL
211,aa326be857feb41ec575b65b5e98d903432eecc7,cs.AI
212,7e8457393ff1b40ddd099f195af9d3b14c5a934f,cs.CL
213,6f136852217de0d0d664c78472452f83725b30e7,eess.SP
214,8d89d38fedfa4a5374c726eb7926510016671441,cs.CL
215,693dcbf7a78dc80c9d36eaf968625810655e4e0b,cs.CL
216,2a94a758244fd36b6e1b028ed4a7c54c4472aa72,eess.SP
217,0cc9d031ca2f85c1412d5eab9449416c47b8cacd,cs.AI
218,a0891d2a5da8c4c64c8b2320c3566ba33f73e636,cs.DB
219,d6a808619ed1f61443e530ab158e3dc9899bec13,cs.CV
220,57fbaf35321b2c4c4c0cc2b63e72bfb9c5d5d9c9,cs.LG
221,de80d676c26f8568afeec56f28837e1fe505f911,cs.DB
222,e55f2b27f70b0e223e8e5af67b56f6b6ffc8316e,cs.AI
223,3e609c75b31b40f6dd5f0001953882c8e0032bf8,cs.CL
224,47bca586abefde3b796b65c986269f082fcb59c5,cs.DB
225,a9027974b23e5208baabd3f9d78fbc10e9e3c395,cs.LG
226,ad15ebacd8aac0a060ec1e720cd5dabd02f14425,cs.LG
227,9792c685064bad74fa852f5506eaf82806793239,cs.CL
228,de1a5ba39417905e667a990c963b5f28fafc994e,cs.DB
229,2b918071a990e1645323d7f268234b1faa8f2894,cs.DB
230,6d8ee95a87f756e03327888bd4318ee108f4c715,cs.CL
231,df9f6312ffb6c9cd7f0ea5581838f9f7d65a648c,cs.IR
232,ac54c5def38ceecc41afd3ba25ffa618b3f62c7a,cs.AI
233,8d74c7cde3ec806546c09274a968b87620442396,cs.CL
234,4a7d86943367040c54ff8ca7d1f160695beb9020,cs.LO
235,6dd3b79f34a8b40320d1d745b9abf2d70e1d4db8,cs.CL
236,0b927041b03fb0ef2e080ef6a77915fbc49c7d90,cs.HC
237,4e63c3fdb6571b20281b6f21c116beb848d0cd4c,cs.CR
238,1a9015e511ec3da873f6114eeb542905a92d7d62,cs.CV
239,affa44d5e4be4e602465e11cdef72c0a70ee5955,stat.ML
240,737d8cbcaa4dbfa0abd387127b6e10ea77c7c48b,cs.CL
241,f48ae425e2567be2d993efcaaf74c2274fc9d7c5,cs.CL
242,f834861fb5e21be412e2680975a2996d97e5d12b,cs.HC
243,4ea544c849aee3e4f99e3d835ab3ea9ed685a5b9,cs.CL
244,e0ade6a261e6dd079e509c875901b40b53ec0b5d,cs.CV
245,a3a756415a07e0f3cab34cabf59f8dc485b3a606,cs.LG
246,ef98395632e38e0e742695b6e7dbae32c78cc76b,cs.CV
247,f6928ef4f62194c828a945ef2753c58b48f29b78,cs.AI
248,7c24ba98b439c421fea21072f97d2e170281c515,cs.IR
249,804bcb6ee5d884acdd32f33560a856b80f72c952,cs.LG
250,2ad67ffe7e6abd732d6501ef99d40f65168700a4,cs.LG
251,1551917a2e930183efeecf6471f2b73f2341ff0f,cs.LG
252,30db65f12bc5adeca0df13e1f74a97f35f957bde,cs.LG
253,541bce5e29cd861262f916368278492f6c7c7e97,cs.IR
254,c2f17fd6bc8e8154693faa7210e4baa30df5a86d,cs.AI
255,14e5e80009f6fb23dab27a5c8b6c0a9f30bbdf0b,cs.LG
256,3367a195602197fa3e38404a510cd7303a594c02,cs.AI
257,57baa478fd06ed18f3d271fefe9de5e833f47961,cs.CL
258,9285d083e51f257905b6016955919bb0f5d0fe46,cs.AI
259,c0cc2276e07a2569da5ba7e0dcda9ac18b96b9f4,cs.DB
260,ba08983f14bc558f6553f4391b1bba97d997757d,cs.SI
261,e3b0c7b93aef46d537a3dd66c48ebfd635dfe20a,cs.CL
262,4a1e090cd45e95a84bbc9393eb01b2f158c5e92c,math.CO
263,6351590cf37eef826b89383fd8ccf8f1ab276559,cs.DB
264,eb8fb8839903a6e9142ca633207fa9fda13a8d60,cs.AI
265,628e570a6e992d68f141a2533cb9b3f6d994c7ad,cs.CL
266,a7d4c41a3daba79fc6c1a809f9c337668dc6661a,cs.CL
267,c29b076af493acaa717050ef731aeb8389ad19e3,cs.DB
268,e075acb6ca9dc698e3ac05f97ae55d7a58ee9e9f,cs.LG
269,79baf8cf6be6510f69be8c515516136138678cf5,cs.CV
270,b4f588566704f49adbb9c1f507c531cc4826130a,cs.AI
271,c9de7f1dfa7ba504d3e4743f6f502c4628b35ed0,cs.CR
272,a184a27061613e31b7b6b9732f7a31a2099fc48c,cs.LG
273,c75a048c25cf9ace4fc0aa6fe47e19f981c69526,cs.CL
274,25edfb99d3b8377a11433cf7be2bcd9f8bfbdb87,cs.AI
275,933cb8bf1cd50d6d5833a627683327b15db28836,cs.CL
276,cd144d2b6e7e626184d452dbb9226d6b836c56e9,cs.AI
277,62949495e8f4ab9396d4c15947ff1cfdaa4984d6,cs.LG
278,39058bbc1420dc3c218fe494aa183303550440f8,cs.CL
279,62634f2e696fca1ef11660c6807e538e3768b836,cs.CL
280,448959eff044f02040ded5afd483b7c4e811b0ac,cs.IR
281,e0847e90c3ed60b2473399f7c0b8f69c770bd6aa,cs.LG
282,0f73f82bc6777e7dc39a407bac9232b24995725f,cs.AI
283,9a14989424b16a4685c43ffc8057b40157631dd2,cs.IR
284,263883d8a246f40241cab19bf9b5ebff961a67cf,cs.DB
285,0154b8d8e8a8fe7c753956343eef80e693f30146,cs.FL
286,6eb1eb3e008d3af3edc5b97482dfb840c352ad2e,cs.AI
287,cc077c135f0e0fabeaf856cbba0f604ce21f842d,cs.LG
288,68f166ec1aaa01c6a62d15f2ae600bb0eaa149ba,cs.CL
289,aa148c5deb09f389510e14cbfd4f5660f36871f9,cs.IR
290,92dd20b99424137450383a431869fa3488450f08,cs.IR
291,5c61dc694400c7d4c46c93be79420d2a9c601594,cs.AI
292,1c5e1710d647d7fa982a85ee8634f21f99033a05,cs.LG
293,10d949dee482aeea1cab8b42c326d0dbf0505de3,cs.CL
294,b5d9b3686122b6b28b3065d1a19b8db25ea6b099,cs.CL
295,450c65dce00b05bdf5d58e48289acd066aca8383,cs.CL
296,b66c5d17424b37c46980d50bd2796c568e1e926f,cs.AI
297,3060c86c1b5ab1f1f58d01c69411c7e0aaefc37f,cs.AI
298,15c19249814219de76ba92e8aa40a05f181c7648,cs.CL
299,b60aed687ba9f807da430dd3eabc453ac65d7a2e,cs.IR
300,20658628d56ffd106e1d36f9f0b3b3f4de4d2cac,cs.SI
301,f32f16ca3c27ff945198c6551a5d35fae3b1a660,cs.LG
302,f768a0ba44953585e7a1524d300b6b39032957cf,cs.LG
303,3fac41a0151f30fbc90ae297d6410e2d6908a866,cs.AI
304,eea2129457fcd78c4071a9020355a2fe1da4d2fd,cs.CL
305,af1ec939e26e2467fb4c51f4ca3c85f12579c5a1,cs.CL
306,999e2ef54a779ba31043190d5726b55ee2b4281f,cs.AI
307,26702869774950e03b10a3657bca0621aa0d8d07,cs.AI
308,7975b4a71236acb1e48714e8dd7a2a770bf3c0a3,cs.LG
309,8f3812a4f2093b488fa4bd3adda3cea0e770dc3d,cs.AI
310,2fab75cfd8394de70bca365572bc5bb04a1b1eb5,cs.CL
311,45db2b7a9350ed3929bc96219f722efbec1f1720,cs.CL
312,16965c78c57f6ae3a1f9cf0bc66c4f13977a5f25,cs.AI
313,717cbfbcddb3ce5aa99ce59e67c05a45b4e82313,cs.LG
314,53eecd3d126a11911b53c639a7a808cac4fbf127,cs.AI
315,1667ba5fb663205ae54cd6a5fb07036724e35d8e,cs.CL
316,230591115bdffa2177cd187bd8b70823fe962282,cs.RO
317,f6f435b7c6560e7629102ac4f5cabc6e05129527,cs.CL
318,dbc65ff66af1d81c70db642fa77dd03592f49e49,cs.DL
319,06a73ad09664435f8b3cd90293f4e05a047cf375,cs.CL
320,17dcfef70619c0423e0527f0c9d90f4858125f5f,cs.CL
321,ac0c9afa9c19f0700d903e00a92e83e41587add3,cs.LG
322,1dc5645dcbf7c0a32453ac96d0b6e77a841ac956,cs.AI
323,d60bc65862c9aca2b4c18595cc1d0f34cadaf4cf,cs.CL
324,d6ef206cbebfd468d510afb6da8453656cb52166,cs.CL
325,6714dff86284cbde6be351e3e1f8ddee1bfadb9c,cs.DB
326,d53a725ada4bf8955c6c056c5a5e391153f83601,cs.CL
327,001bcf2306afe90b5cf54cd0f04f8a808d7d134f,cs.CL
328,e02076dcf9f5218d42d46980b84b6c74a84dfae5,cs.CL
329,bdf139c76a57c67c513b8b40ef7a4df3418851ee,cs.CL
330,8806ba65f2a477fe685c250c1536d2e8ef450958,cs.CL
331,49b960f6bc3f954c45a9d2b924e1832d3ca69252,cs.DB
332,3f5416c11ee52df18f05d893d26b621750b86f75,cs.CL
333,a1fd9d031c77b7476c3bcb26ec169977584857f7,physics.bio-ph
334,9d53364ba5313362c38fb7c62e4d05f1b3f01e3e,cs.AI
335,131325e341eeacba20fcca0afb51cd9597683164,cs.HC
336,cda7a1bdce2bfa77c2d463b631ff84b69ce3c9ed,cs.AI
337,d8642cc89b405dc00d3d63ac05af0cb05137e7b9,cs.AI
338,8fbe8c18f36f33314a3ee333cfe060ae9f790555,cs.CV
339,ac113be880a94ed0f3108fbe0476824320b27b88,cs.CL
340,ccd7bcf735d01be8f71316ec14f2fd4cc629dc73,cs.LG
341,91a2d5085f191044dfa1bff5bb685e8f05b57896,cs.DL
342,f6d957f8bc1b4d5c026f179d7fd95ce0da34358c,cs.LG
343,a9c2c295853fb35461b7fbbb60071d29238cb334,cs.CL
344,d80da3ce91f0076042eff4ae11e015f841596334,cs.CL
345,ea482ca8f38cba1f5ef8d7b982ba93b5cbad66cd,cs.CL
346,512cbff4f0fdc760033f252c427395b32bfddb45,cs.CV
347,105ba5f254179b4c6fc812f269f499ae43d3200e,cs.CL
348,588f492dd21038101c2b76b99f79298ee7477e74,cs.IR
349,53606ea6d8086d0d398ad50316cc8e0ea015bf3e,cs.CV
350,0974545e9cdb9dd0fb2762ef6b6dbe1fdb59af93,cs.CV
351,18ec13d5c66f6ba6c38ede6ba9b451f89e986432,cs.CV
352,de69dfa780358c53be43d558784bfe253ee77d9c,cs.CL
353,402125f4732ef1ec5974ac7513a63bf5b8414611,cs.LG
354,9519b1cdad21528632819e9ecece00f987e3fd8c,cs.CL
355,b6f229681cf0a3ba38884d281d89b2d498a853a8,cs.AI
356,d406963cf064e92e4ca58348d588dd408a858267,cs.LG
357,c2fd72cb2a77941e655b5d949d0d59b01e173c3b,cs.LG
358,08ddb4edcc10e442d9a01a0daab4810e971685a5,cs.LG
359,1072e6d03a19b157356c5da57257b2b92eefc68c,cs.DB
360,b6449fbe3113ca0d6d12ea7ce605f07e6e54f514,cs.LO
361,2f65b820a7887ac83bf15456dc56bee42fb2a756,cs.AI
362,bd2ae6f17f6e639d40edf6f25b590c320a8aea94,cs.CL
363,2ee617f10fa115a94ff7b59a6120ff33dd1dde87,cs.CC
364,102110351b44dfa8164ab020bb98e6ba6936b7fd,cs.DB
365,4a29b831e16871526592119aad4a590649572a41,cs.AI
366,e9d98e5326d28ae1f45d55c5d31391acbe2e3f55,cs.AI
367,f2804b2e884f8a06d26eee8f5a2f1f18e0e974be,cs.LG
368,18193bee8659d58e297f3935dda0f25ca0ad8245,cs.LG
369,24b01da54d3f924fd5a850e1b42353a3bff21a1f,cs.LG
370,2182426b8de008c394d184f23e6ee4a4c81c6045,cs.LG
371,cab46caf83a9e0390c6ca4d8603187969c9a53ad,cs.CL
372,9cf625acfd2f06caf95a9cad5bfca33a2b4c0bb3,cs.CL
373,598794ea64f6dc5558504eb9a9be5fe43eb8d530,cs.CL
374,28d794bc8b8cf579745146b3fd3362942787dd10,cs.CL
375,3dd59eb2399e2b8029303343901aeaec11ca5927,cs.DB
376,0c6da50f049ed44753dce683dfe83bb3727ed92b,cs.AI
377,9b8193a38ad9fd3e0b14bd1c0b0f4c6e3a7df18a,cs.AI
378,fa350b1089db1f8ab97bb72287b37ed4748c89cf,cs.AI
379,18addc0654199d18462dab33b7b27b4f13b0e497,cs.CL
380,ea36bf9a515aab4ab4961002ffb159c0db1b5c65,cs.AI
381,cd0a56bdbadc6c0b0a80bf74e4e9fc2991c5dfc7,cs.CL
382,28ddb6ecbd13e9492060ab476d9555a66884ccdc,cs.DB
383,a95702e3e0e71d5eb511b52f5553b37a2756c7da,cs.CL
384,b0c52072ac46592451668c239e29cae2d22556d1,cs.CR
385,1aed45ad0fa61bd785fcdbe889fa984c652370d9,cs.DB
386,eb37714306af817988674d424ee202238cd53198,cs.CL
387,3ced93b92c468620a97263725ff3c3e8677cbcd4,cs.DL
388,895318492b3322bc5213b1cdddc26b67054e98c4,cs.CL
389,c8dacb3afc35eda92e4719b0d8993ee6bc04c167,cs.CL
390,957fb70144212c6f38e678b454003329e47a5b46,cs.CR
391,8e6cddea1938519833fc0ca683971ce9745b75e0,cs.CY
392,09dc8ac5f744c793f3cfe48aaf4fb08ed9bd0912,cs.LG
393,594ffb42fcc7b9b81a42e7ad28087608936cec23,cs.DL
394,a628af7a925e62bd5a23469ef314282f76afe923,cs.LG
395,e339132282d45a989b1078185a4f5ccf80faf2d4,cs.DB
396,0bc258895dcd06c224d770139e872249c25374fd,cs.AI
397,65ac8b1789c889c7061b4611a2214c3ccf8b3b93,cs.CY
398,6d23138a1921c7bbfe49c8244767229318f7ef9d,cs.CV
399,77f9a6511768ec4da402ddbe2cf50bc77e327720,cs.AI
400,2ad489bae27f5446e31098b2d0ae869bd1246bbc,cs.AI
401,89db8566a928f9267efbf2ad93d8c8d54c41d58b,cs.IR
402,aad0ec661d87a83e4c3bdc50b977779d8c349fdd,cs.DB
403,4801db5c5cb24a9069f2d264252fa26986ceefa9,cs.AI
404,f64f86a177d19df48fd9ecb7a4294e9f5609254a,cs.IR
405,3e5f240d634be018536e6419672daf38dd4d24bb,cs.CV
406,72a5c01afe276d06ca9179e24b1c925e206454f3,cs.IR
407,77668573e9180b9fe9ae932a5ce9de53c81b045e,cs.CL
408,f4c45108cb41051010d8a5175b8da23eb246c967,cs.CV
409,bb5227e2a931a5388f1cf0d066eb07ff954e3e82,cs.DB
410,d9ebfcee6e1dc627781f09dc344a0b6f71abe4bf,cs.CV
411,9058cd24c251cfb119f2202911d629b1acf0decf,cs.AI
412,73ac55374fbe5d4ffcddd9ca88cb2cbd1be2630a,cs.IR
413,0e66c696a882b856150b45d79fe3ce86e54f054d,cs.AI
414,1d58561dda294857eea445bd27fc031944e07410,cs.LG
415,093b2da88c0478b829960279131bb50725316eb1,cs.LG
416,310f2444ef791814c695dcd6b52d875410ea059a,cs.LG
417,457f8b9c005eba90063a7480159898dd8f8dd8ca,cs.CL
418,612cb53584b23e2066631d143e09b471852afaeb,cs.CL
419,11d601b5b844a62b353b5ac5a94ee63b0e90f208,cs.CL
420,13c0f33ccd88607fce4819135e404a988aa8aad4,cs.CL
421,1068c018f40a15999a8d26eb2295c54d69d06dfb,cs.HC
422,34245b6045832c01f5f55b5b57ea0fe7be729214,cs.AI
423,75ba0b92bcf095e7cd1544425f1818fed195f83f,cs.CL
424,a946d369760b4505774b6cd24825cefc0c08eff8,cs.AI
425,c498c15d17c9f4285f0d65267c589ebcf0ba68c9,cs.AI
426,55df179f61d20fc537c356db05d1e7ac4b5d125c,cs.CL
427,785c0d4efd3aaa946f8bdcd12b38a147cc36b794,cs.CL
428,e176b945e79df2e9d1404181cf44b3a9f3d02d86,cs.DB
429,1e6345a73372f593a0bab78e66ee6c98a44feaed,cs.CL
430,9d8ceb228cae0cf4be64f78b59729925940c01ab,cs.AI
431,e3274206b36a603abc4a335af91273ecba5e73cc,cs.AI
432,6e76258667fb8a01834e01b330fe1aaff1e816f3,cs.IR
433,14a1129b330e38114fbd5c66d61602c6e73b6627,cs.IR
434,388c5301455ae14ff194e0ab801484a5e9c244b2,cs.CL
435,e336712fb929213abcce5a90b1e1c771d5bef2fc,cs.CL
436,6c4b76232bb72897685d19b3d264c6ee3005bc2b,cs.AI
437,5118df03ae5c226f3875f34845438b09951a3e45,cs.CL
438,6475f63fa52175dbf3ef6d233a12997aff34fb3b,cs.AI
439,6c6c265c6d1de08f03fed0da0604bef5307fbcec,cs.LG
440,3f9652fbf24ae16cc8611207d2b99045c5bd56fc,cs.LG
441,504f2363cdb7ae862fb637d8bf3ed3f3aeee2172,cs.DB
442,00c327296ac1d831842f6dd0d29d1550bf7f2b1b,cs.AI
443,ac1d44c2d9666cd4736250be8b87a10aca454f02,cs.LG
444,0aa2c49610db4ed07ec3d76ae4b9de87b830368d,cs.CV
445,4dc21ddee7e968d60bf422bcc192f00d3a025eea,math.CO
446,984f2578be10ca4d223d2efdb1cbe17e0aa18025,cs.AI
447,ae56989ac52758204455edfca30a69d8b9945618,cs.CL
448,d4346af837aa6c2bb4a341cfe9bd91862ea5910a,cs.AI
449,983fdd94067ff52972a931595bffb8933d6df968,cs.CL
450,7cfbf63783b468f38d349679f7c4f580d1acd671,cs.LG
451,e94e677b83007ebc661f202704f2c3c32e82dc0f,cs.CL
452,b6b5ffb9a1faee7b488eb46f2d68f62beaecb8c7,cs.CV
453,5b11069897278f6bb1c55de830b47bef8bef103a,cs.SI
454,3964967204dd45bd2d0ee5c5b56dad0c21b37178,cs.CL
455,db5e2eddc93601106cb27f1949c56b78fd48e317,cs.LG
456,aa4b1b5522f817071dc21824db272154e4d4ee99,cs.CL
457,00b487f370e515d3dfb9a0100cacdfc79f3e9f12,cs.CL
458,e01abcefcfcbd4cae351fd0c6e9671f2826db6ee,cs.AI
459,81e82158510edb72680a9a832df970d2743d9a63,cs.LG
460,41fbea716c65476d38ed8cf7aaf19b1ed5204267,cs.AI
461,48f541fad8bf8e736359aa3bddb15cde46092257,cs.CL
462,ca0c955699f552e1c2fbda747bd41faf8a2513ce,cs.CL
463,6d89a71e63ac3a217869f7c38a84d8c2b1b8083c,cs.AI
464,9dc245029868ef9f63c07a2cac57791f2f055ecd,cs.CL
465,f99b7b4bd4d99e1aaee8511ddf080ee4317c27bf,cs.AI
466,bb6adeeb3a21479cc45490a5c2ff6d8dd5e77603,cs.AI
467,ef85376c5515f489277a7697d12fc3dc368a19f6,cs.LG
468,c30e0c008997925710eb63f413c57653c333e7ab,cs.CL
469,d605a7628b2a7ff8ce04fc27111626e2d734cab4,cs.IR
470,aabb580f64d76e6a348b250f4c7c544e371f4d79,cs.CV
471,77d71227327dedad02d62e5dc73e3929990f79ad,cs.IR
472,95b5672a7b473b239342948c67c150750efc5e59,cs.HC
473,407a9bb8aac47a37748a581e4e98ddd0156dac97,cs.CL
474,2fade1acc680fd36d8f7abbf6e38e825f165d490,cmp-lg
475,bdc47ff39d308060e9ef81c9c45cb4426a986285,cs.DB
476,b92fd5108260d747e77a43a097da931e80e71ead,cs.CL
477,82ff5f5f51385fc5cb86183c64ad62d08e9d3e1c,cs.DL
478,b36b2914f16c78b1bf88ee720342d893d8a9fc46,cs.CL
479,175f8faff089c1aaf81d8d57eb38d7821060df3b,cs.CV
480,467a0972089e1f3da1213b30d55ccc630ddcfdde,cs.CY
481,648f11073506154d061c8d2bfd7bfba546d3c2be,cs.CL
482,0eebd7a7991160d5b87bc06d9a2497d83753cafe,cs.DC
483,12b20c26a718a2aa2457b3908f107c0e74637a45,cs.LG
484,a41d4a3b005c8ec4f821e6ee96672d930ca9596c,cs.LG
485,4773398fd2fdf1feddb194aa3e90da270fd3db11,cs.CL
486,033f25ad905ef2ed32a8331cf38b83953ff15922,stat.ML
487,740db108d536a8b6f53111407898f4ecaecf80ea,cs.CV
488,b8dc7216545ea2737dfb49d39838ace79143d1f5,cs.LG
489,89d33d534fd94dc7bf0b4ecee11c8068c24ed6c5,cs.LG
490,8886a355f4a5d0107a8b59734ffe710ce8d6f84f,cs.CL
491,3b9caa5da4ac322c746d762f462e6c613f78965f,cs.LG
492,c4ccf63ad4af1d46e60b4815f0725771db6e6f66,cs.LG
493,bd1271b05230267f114502eccdc84b1e15a4313b,cs.AI
494,de02ba19fb957ae30de7f09904ae3d983c3b50e7,cs.AI
495,c8567b3a1fb12babb43e6dcc182a063d7996eb95,cs.CL
496,5a2ae3ab92ac074ce6263e1981342a0b294591b8,cs.CY
497,d56d10ea2f1759002e934cf16da7524067c58e4a,cs.AI
498,97746ed0db90e259be6028992c4810c122329c9f,cs.AI
499,92cfee267b8c8f6018a98b480123f60174310627,cs.CV
500,583dca512fe2bca8e60aa060aa90f5379dbe2e3e,cs.IR
501,074c07282aedfd9a027bdea509df1d0490a9bbd3,cs.CV
502,f9af6c2789295feea52bc18bdf32991c6c2c73a0,cs.IR
503,06b5ee4b033f010cb5ac8c90a734d22e3707307b,cs.IR
504,8f61c28cd63372e03e303714f3cb726ad79a6d62,cs.CV
505,d97b6e827a5904dd96feed2c3cede606ca488dea,cs.IR
506,54248c32b823d0cb2db083852f3785e294889928,cs.DB
507,38f4f27bfdc6cdc4c72d714a097541f1e6ca98f2,cs.LG
508,5fe30f5b788627fd959915cd4fdf9a0b817cbd81,cs.AI
509,733f32fe7d7e0b53fb7e9d35dbc6f47b96ebff37,cs.DL
510,f70bf522a90c09ed06c32c9bf36b7ee14b8a9856,cs.CL
511,d558c9c90b7f14d16c894014af4b4ccff6fd65cb,cs.CL
512,11a54bce33665479a28464c6872818ebe67f4e98,cs.HC
513,45bb78112e6bfc9638cda1cbf232e84605af078e,cs.AI
514,83fac78857c7e65fe10a11a798674dd3cd259c1d,cs.CL
515,36b54ae78191101e3d87fbbaf6a8c708771cf630,cs.IR
516,c6c34c96e2523ac0fb5e78188757bbf467695d29,cs.AI
517,77fd0d22b6d361680b364c5561e9288ca4559c85,cs.CL
518,ca1b417cf0f7906b52851e650ee0c7b9f85a5089,cs.LG
519,919d85917904f5f208e8355c2742900beef3ebf1,cs.AI
520,4ecd4bc5a70b659e9ff248fcf76ce8235bba8c0f,cs.CL
521,507395c2a54eff2925109bb0696a4960a581c433,cs.DB
522,3f4dff0c50a2edc4d38973669f8459449f114e28,cs.LG
523,a25a73e09e603c73510bab61a78fb1fa66f04888,cs.LG
524,050b25d203bd3ae148ba778c99aaa3b39cbc6d92,cs.LG
525,83ef7dd4eae44d1a174f1007e6bc5e7508e064cd,cs.AI
526,ab8503db6fb9264c62f8aeec29b22bdb196dc950,cs.LG
527,4ba67b0734477ff392367f52542ad2dab179da83,cs.CV
528,3cee6368f8825138636232d0d00c4b03ef1ae42b,cs.CV
529,8cdb9f975aaff5adb51cfa164199010bb9b9b6d1,cs.CL
530,009263dec4026507d5809b14881f833c80b74cbc,cs.AI
531,e745b0506f4133263633eb05e5006a8cff4129f0,cs.CL
532,dbd7ef04a7ce1e3fd8c2e70490d980eb42b339a9,cs.DL
533,96901acc92d68350443774596fa2b38bc522a0ce,cs.CL
534,c850478408bb171908c086244869a293f87f19ae,cs.CV
535,9655cce00c39931e4f0be6189f895343218701b1,cs.AI
536,dbd4566f71ce62b7bbf282f5ac9865e4d284679b,cs.AI
537,8c43cbe3dff3f556bf09462a7bdbbb8a292af7f9,cs.CL
538,bd8d31285c5ce7102b41974dfed19bed389ee3e0,cs.HC
539,47a541269d4ef70f37f0d3a57483312c4c6c2ad5,cs.CL
540,dccb0f9c87e81882eb2107ce84b8f2bc1bdfbac1,cs.CL
541,e21860ac19352c11e3ab67b386bcd6c8ef14b369,cs.CV
542,ad27059af0c92da5deb854874f7c9e89214b992a,cs.CL
543,2b993eb1d56d68dfbabeb0845a805ab5c6b76218,cs.CL
544,5309e53a67834dcb2db3ddd75ce5a1128da97d40,cs.CL
545,f93b8d73269f3f57bcfc6eb47b13b0e81b21c92e,cs.CL
546,ee879c056e81471e833f221ff3aa7118972b3531,cs.AI
547,8612de671beee2001625b9583d6c40e7ff6d4d68,cs.IR
548,b99c61f6957c1b04ec1376b74f82dd1e83559695,cs.CL
549,d4c773179291a5089730ce4f0940f4bcec62abee,cs.LG
550,30fd58106f4123428bb287ac43d888e9965ab176,cs.CL
551,e0d303b5c1334e96dd04b9c94658fe0dc8f568ac,cs.CL
552,adc998ac4fa71bdab19537c50e3d84bf982974c1,cs.CV
553,03e5c724531321a9d383a4483bda07606f9642ef,cs.IR
554,54f1d74a34bad3d267b8eeca94f45153239491f7,cs.LG
555,d44050abf76b2d1a2cb6d127093cfb83ab2d96c8,cs.IR
556,021e2ed2adba030f5d02e60722ffcd4674f02653,cs.AI
557,d63b6e51125831f24219901dece11adc22934ec9,cs.AI
558,9699c5ed895ef312ae93655ffb6370c380bddba1,cs.CL
559,a138bc35e397aa9d2bee304343411a64fd57e601,cs.AI
560,7eaac9847257c32afd450017d1348ecda4dcaade,cs.DB
561,b4b1d204e33046b35be927ec781c34b23b2f7c67,cs.IR
562,4e810d6b04de4e657a4cda2f58296b01e91eae53,cs.IR
563,3176c78ad01a83d843d7f9d4be351d899b755aec,cs.LG
564,f76a6e8f059820667af53edbd42d33fc4bca85fd,cs.AI
565,7323239fc698f3aa176b5dd39276326c945556a5,cs.LG
566,bd429d49ac29aa8ba9c2267905657ac7aaacfe39,cs.IR
567,d32c1e0f4a238685d1702ff0e15b9033516825b2,cs.DL
568,2a30e6c8e8987f41de7ddf00da20beace5c4d354,cs.AI
569,90c19107c3560b984aef49d97c8b4121e52b65ca,cs.SI
570,14b4d3c632ad114919ec39dfb02bf2a2169fcc80,cs.LG
571,387a916fa4927a5998cbef2e0b7e1f5e6a2e9c3e,cs.AI
572,b2d2ad9a458bdcb0523d22be659eb013ca2d3c67,cs.CL
573,4a3dfe9f4085591e17c19d6a5438c1bb94279183,cs.AI
574,75a89c12efebe79049865f5b3136ae0072dd21f9,cs.CL
575,58ecf3789c389e7da85b35614b56273522eb1177,q-bio.QM
576,179952414e570697714b06e6652a3d0142f50cf6,cs.CL
577,e2d1b1636bf5310e17c6e6485e3ad7977ff37503,cs.AI
578,3598a1932a5b4042f223f1fd2e9b3f93eb78e0be,cs.LG
579,6f1fc5ebf8a47952b63a6db6b600a88a53d247f2,cs.CL
580,354b651dbc3ba2af4c3785ccbecd3df0585d30b2,cs.AI
581,1d0f14eddcbead17ecb23b258bdd3af2b320d9b2,cs.CR
582,ac474eba1c2b1ca79dada0efd74a593c38afae55,cs.AI
583,328f7db19eeebc00a9511aca6103c6bc2e956527,cs.CL
584,04ed2a248b16e87884b75e660b8c7bf66cff1b8d,cs.CL
585,590fe3d9949222db2719215207a71ee72b6cb031,cs.CL
586,938d0dd026e0fae138296fe699241f78004970b1,cs.CL
587,ec210c1e7da9fda6f02a7e07f3d276ab706cb5ce,cs.CL
588,7e0248a2223041e3da7b5fa2bfe570e0df07b0ed,cs.CR
589,9dca9f8c8561c353d6a4629c3840fa0f9cc67545,cs.CL
590,ccb80d1243992de2ee8296c76da85a630263538f,cs.AI
591,b705ca51ccbae1ac09cf41b1c940a9766f9a4724,cs.DB
592,91792f4fd6f322e23d07e30d99dda999bd852612,cs.AI
593,ef8fc5c0c8523e2cfcd3975a372b0a8705b392d2,cs.LG
594,81374b14e36bd993f20d92b9fca0a822c47e382a,cs.AI
595,023511f6a8a9b4cd3296fc83b1fc980d6575cb78,cs.AI
596,1d19c4bf9fa7447772835b48832d7faff9293dda,cs.AI
597,48c6053bedd85eec99c90472bd6f706df7ed2951,cs.CL
598,7028c98fda13aad5e73a027354fb7cb7f43d5412,cs.AI
599,ae126d5091da1e912de978e5b2eec5f3fb21a2f7,cs.CL
600,26c361dbd1088828abc6868a8c1b8f9e6182225f,cs.CL
601,5bfec86bb67a1c49359e8a171917311d48688068,cs.CL
602,56edaa1368ff4dfa45388e4be24fdfbded7d88a7,cs.CL
603,21d4ffff54d3f71d028f9bda89c22a496e0fbb82,cs.CL
604,18386adf08ada47f42a0183a7791853dfa1868ef,cs.CL
605,c61ce808818308566124df2c8725c98d6bd38dc3,cs.CL
606,7627a4e6a0e7936a569994d3ba8da13dc7b1f09f,cs.CL
607,7ba6c39de034c9ee31dc55e7226ed676d8f0e378,cs.CL
608,18be53ba55282ce5cbd0ddebc99f137d07fae3b8,cs.CL
609,c4358134954d8e62939c3a8b9ba8e953d951f73b,cs.CL
610,74d2c35bda3f1558792c66b0d8e376db13ec667b,cs.CL
611,61672e29c47e73cc317425c2842fedba0a52438a,cs.CL
612,5d6800ae2f543e2e7135071bdc24a3266c70570d,cs.CL
613,ff99f8bb465bb34a8117c3ab300c50293a2a9c27,cs.IR
614,32ae6ceabf937f428539e3eee2e0122234155708,cmp-lg
615,791db105c43a6497791de427a357a91632dd92be,cs.CL
616,415c80bb72e4491b8a32c0f2b37ddc045541dd71,cs.CL
617,f23f0fa672fb5bad716fa02e0a76db08c64589e4,cs.CL
618,f23d20aeb627387fbdd073e9d5512c38f3fd8197,cs.CL
619,171bb0f4359090e09fd5f528e3817e7f35873753,cs.CL
620,271cc9d99d61ef1c7ea94bc5db08438b6cd0b1fa,cs.FL
621,0e893f4607428a3d1d9fa8d166b8c1908c754327,cs.CL
622,17fb9b2d8229f66e9d7c1ecfb603b79b011dae69,cs.CL
623,c46570f17b0dfb674b78dd2fc2ec368cda1d35f6,cs.CL
624,1081df12b1500f48718ad9cdf3b0b90f44a31fc9,cs.CL
625,b2e8906d0c2999e3b6cbb5bfd7dc687f1a0a751c,cs.CL
626,3209f98f90e6692549905f79485375f512f7200d,cs.CL
627,4f4202aac8c900efc79ec534f5f3b10b07bb45f5,cs.CL
628,2a4e5fd34b0f81e1995b691120b95ef75397c0a3,cs.CL
629,90fd7839355094b660267f9afa43083b7f7409e3,cs.CL
630,fa0e513b54ae86b4e1796e73c88bfd4fb272a032,cs.CL
631,5eab810cc5d90de1c52127d1a5824f0817f46c30,cs.CL
632,f5c9374289da752f63b043da53bc49148549656a,cs.AI
633,00428657202cb515a04b95f4bf4fffeb68885b64,cs.CL
634,356633ba77851f4a9f8e2ba713ca83a4ef2c140e,cs.CL
635,55b9a2ade0a49e9cf10b71528d69dfee4e826025,cs.CL
636,dfc08920427d7013e793fd54b6fdef6b76615b41,cs.CL
637,497854f67f36869656f7779afbe9e0c5c870d584,cs.CL
638,dca88dbf91c0ad6595e7ef64603e596c838e308d,cs.FL
639,ffd73d1956163a4160ec2c96b3ab256f79fc92e8,cs.CV
640,a4069dd677b205fba61b4dea75e26c148dee99c5,cs.CL
641,ea6193e77b1a7d94582c53d6529255d6efa4ac53,cs.PL
642,8ee376114a43432399554be39a79c1a2b6c65d51,cs.CL
643,4a82e1007aab02170af8108fb037afcfc1eb9424,cs.AI
644,f6186b2856c85231d01196682c520cec6f664e20,cs.CL
645,6ed9417eaa7ee16f0563599829a061421a3e0563,cs.CL
646,96f2a288295f581b0077fa2db89c6c6c46d293c3,cs.CL
647,ac94d9e27424a371c4a5914f5a5e5cb9b0dd13fe,cs.CL
648,2a5f13845fbe3a4a23ea92b48fe390df19f64d72,cs.SD
649,8f9dd0723b2081fe003386e19cfa0be81010c2d4,cs.CL
650,17fd7b820b0879734a2c08c20a890ddc526cd83d,cs.CL
651,572b9312e93222ee8f1e81718047a1cd30a4a4b1,cs.CL
652,383bc4ad4d54cfc4d0ab6c4de02ae3ea6fd4e6ee,cs.CL
653,a593ce5d2a93f3113be7717d08d1ba8e62fd7ddf,cs.CL
654,05a68e2c8a109d34f07b999dfdc5feb7320a7996,cs.CL
655,d1f87f14e80b647a29999bd034ac4675fd5ff883,cs.CL
656,b2b50a94e6cf7372dc43d759a1bba4a076298f57,cs.CL
657,fb8b696d821ad39c6d834791298f1409bea1de44,cs.CL
658,54feb6a00d5a8050c4294e767bfe17b608e1f415,cmp-lg
659,2d57f5be0f829cdd3633ba28433bd2e3149db8e5,cs.CL
660,84e693cfde91eb7acf598b223313365c8dd89485,cs.CL
661,7821226d933be1bde0316c548f2b70fc4446efc6,cs.CL
662,f221eccdd96122a42c5e65532373e6974b30c20c,cs.CL
663,8176556a3fefa7c1b16262ba75499a4643682262,cs.CL
664,c006024c1dd8ca68841700a564457d0b29b15e96,cs.CL
665,68945e04c1580f4c2d177cc0a317b697f0715f75,cs.CL
666,a6b0f5083c2218c50432ba71b7c3f99281e2b040,cs.CL
667,9c62b72cfcb44a509af0c9401648f31c21e794e6,cmp-lg
668,50ebae838d493d105fae4a7410824eb6bfc0914c,cs.CL
669,c52044dcf1b985c1373de672d89c354e85463575,cs.CL
670,321f6df1b3ac940bc3d99dcbd5dd9ff151f678b5,cs.CL
671,59e94c9f21937643678ff494901f3d8b22af4e2f,cs.CY
672,02773bd1d9b2c832f33de207082aeb6e98a67d22,cs.CL
673,4891cc27e296e0ead23407a835bcd3bbb802ce67,cs.CL
674,1c6ae3f0e6f35d72f36832fe54d26383ddaf84c0,cs.IR
675,52db8674337e5d86dcb96d013734befc8c3d4581,cs.CL
676,b0d990c3b0dbab303731817a47e6a2e4b4ee6cbb,cs.CL
677,b35d2204a5a0f1d1ca4e9664cdad216e226b1b23,cs.CL
678,e25c85054084b33091d40aedb5dc063195dc33ee,cs.CL
679,66d9c094a4da2d23eae8c68818fd1a90625a7ba7,cs.CL
680,3152bbc40463ed772031e03de320926ef0e452c3,cs.CL
681,aeefbb7228e7bd69d8de41d5bf52251bbb521f3c,cs.CL
682,7f8be7a9aebcaeb3c121eeb9ad8e0b0485ddd242,cs.CL
683,c20dd209bfe5fd9d5935a69ae00f3be8530b40e9,q-bio.BM
684,b058cd862fa8d43202bee34011edcde515e2201e,cs.CL
685,55c9c41b72403f821908759097e66b5880b2848b,cs.HC
686,0e8d71db17c07378ccee228a198abcd425b0cf21,cs.CL
687,3f5b5613de10ec59c87cc3c7b2b512e8ff3a772e,cs.CL
688,4556ecf49dea395dee365cef6c5f98f976c9028e,cs.CL
689,391c9b760f78369abcc94f20e2fd27686fb7c452,cs.CL
690,d76694bf8abf30879f8914f24f6103a2518d9f95,cs.CL
691,1dabbe5f6c36f6b3dd4463dd21104bf68045f3be,cs.CL
692,c0d55788cde6233c0746fdef21cefcaec72aff03,cs.CL
693,d346c6970bf4538ea6fe2e45d28666c3ca0decd5,cs.CL
694,4acc7aa0e90905ed244f196453514eb70b80db94,cs.CL
695,42a2b3894bd76fa55df5f8006f5d11da85f8c42c,cs.CL
696,742a4098ddc25fd3c53d4ebdfc845d1e5d2bbff7,cs.CL
697,6d546f497eeb199f8eb11bdae5e9e1cb1f718ffe,cs.CL
698,0aad5ddb6a43f84ac68fd9ecee5b1f434344ea50,cs.CL
699,b9fe5c48202b537460b27f970f4869750adcc439,cs.CL
700,10f11f32b35c8842fd24f33e0facb595f739b485,cs.CL
701,b7b57e9dfa54fddbbea879f479160e0385d75633,cs.CL
702,4af892dd27b566644d838fbf3731d39c97c89ca6,cs.CL
703,75e616ace34ed18b9d342b95642afe68a3da285d,cs.CL
704,da9ec5053c8ad8854bdd2ddc3f9c3d82a4114d71,cs.CL
705,7e3081b0d698f8abf16dee626d782f3339482fe7,cs.CL
706,f85b05bd6440971f704228ae92016f40492c5f71,cs.CL
707,0dccf7baf68e4e79a00d2bd374d216c3279c2bb6,cs.CL
708,9484d6b029a462551befcb8aaf5bbf292cf2b741,cs.FL
709,c846cbb24866af99a8d02d4c73aa4d7dd1831538,cs.CL
710,0db5207510819b9956849eb84bfe8703f8f3688d,cs.CL
711,be30edc4dc87997d2523b2175493e50e635204de,cs.CL
712,ad912667fb5d4e1a07e5b6980c0b565c1ccb5c93,cs.CL
713,7ac15691f5d870100fcfc9e5b6dc04b27c2b1b76,q-bio.QM
714,55feee6e57672a90f7c85ff854d6ef014c273f3b,cs.CL
715,2e0c823451b15ccb346d0d0eef38080329dff4cd,cs.CL
716,4d249566ded6dbc3c9c5ca89cb0896c52f554988,cs.CL
717,9ff0c496d4a5a1bfb21f7dea2bdce2584082e90d,cs.CL
718,b37082169f7e0ad552ac75a9d2db70862fbbf0af,cs.CL
719,c30a4fb51684a8f4b23d899c9fc8c99653d3b0aa,cs.CL
720,d9bd425da945cc20b25c807f908ac8d4ecf7a90f,cs.AI
721,f3952ed854071b46b897f63fc1c3953a4ac33563,cs.CL
722,579d8c55d56741b1854222889b90c141c3578450,cs.CL
723,f41e07459a46dc0a00fdaa5ac5fc0ddcc10a8d9c,cmp-lg
724,37bfcd67fa8271a0b330e982752591b9f2e0e91f,cs.CL
725,7f1cd271cdc2e714efd433af1c5b1736f72a038e,cs.SE
726,d3bfcfde386e35c2a552e0f3c9c5f2aac1e25b7e,cs.CL
727,954b7958f562554fa92d539f895e615e772baf84,cs.MA
728,e1507d93a7041feeaaa8693afb45fa45ff23e297,cs.CL
729,2c073da33c184550788e6286c807392d72508548,cs.CL
730,3ca8655d4147ec6443c0c90dac7c29d4df0eab99,cs.CL
731,4f5c4c9dd017d75f47c8e6c06da90ce9c51dde9b,quant-ph
732,e30e6e776682cf5bd061c96a19f459e1cdb462cf,cs.CL
733,975a546b207b399fa5ef44952eefe48b97b200c2,cs.CL
734,2e39a7d8810cd026d9f0b1ade37024522849cf9b,cmp-lg
735,cb14134a7e7535a055a6a1ed266088846b74dd0e,cmp-lg
736,7941569ebe12b3f58e9ba6ef9a14420a9184ebcc,cs.CL
737,ff86447e729212e484853b6e52f70ac532189a7a,cs.CL
738,6e5944b759ef1c2ea2f694221cf54ef718ec95ee,cs.CL
739,193528ac9e6e6065c401e5f329d8b09587fe5fdf,cs.IR
740,f57c10d60e0cf05d1bef564bad3686611906a5b1,cs.CL
741,94d878ba7eeba4abc4d5e42b4c2c4c98d4e575ce,cs.CL
742,cafcaae412c41407a7da752e2dc12bf75c1974a8,cs.CL
743,406afe68e789fcb0d7e3d24ebea65b53d206f740,cs.CL
744,9bf75110ea0923bbed49256b5491f1ec284019ec,cs.DB
745,b8db1ddcae0820e84f9f3aafbbc6875cd7565329,cs.CL
746,1eca88d92485d75aef57fd6edf597e29aad6ef78,cs.SE
747,f0f6546189dfdab7cb67d42928821ee23317fa5c,cs.CL
748,a0b4cb8e35740e7a4b309a0f9a4ab3324984d3e6,cs.CL
749,98cc4ad965c33f81536768f6864a13bcd1ac0aec,cs.CV
750,c1a1648b6753c39d898e1fa2618d3b33bc309a8e,cs.CL
751,f6e4febcb97c660690ceacd0b32347aa531b1cee,cs.CL
752,a4c195985b54a94df382321b0802e9b98dbd58ee,cs.FL
753,db5516b3fa82ed1f63cc951a5f99578332ad37b9,cs.AI
754,281a1adf05b1349fba900f67284ea0d87aa469f7,cs.CL
755,4c36bcfa3d9b7164be7f7fa1fb8af2a539ce4dca,cs.CL
756,12668cd2aa2a55bf1dd533db429a9146b9b66fde,cs.CL
757,879c51e6effa7dbbc2081fc558c47839d3b42786,cs.PL
758,739715750d8eacbf04f16e36770089afad358cfa,cs.CL
759,cf1fd110df9fec1d820032a5264514d88a56b06b,cs.CL
760,f283a00d60e4a28ae06529ed70450a5a2b56c2b1,cs.CL
761,9bac5675309573ce623f074f92a46df0e19545f3,cs.CL
762,70791eb3e2b87f361f8977eafd78f8d3e1b5affb,cs.CL
763,b0c3b80df68c1b75f8c6c4919535cc969dfb487e,cs.CL
764,2b52d3af922ef08c0a9ae2878626b0466a49e629,cmp-lg
765,28c4cee46cd68cdf52122979b60bd800f4ac9e25,cs.CL
766,d09868f5d25626900b4618206ac5e9dd82db765f,cs.CL
767,2e7a2736c83955ba7bd44d4cb1034b64aa6a3902,cs.CL
768,8e990e779cd70b70e316b129f334edfb8aa89af1,cs.LG
769,16a2e9a645f01b6a9a3475ee3dcc8365fa925b35,cs.CL
770,8ff71d7739b5358d44eb1f6f8dc6b21e76688d78,cs.CL
771,8b7a4058e6b3bab273649b5f353ab098a4124dfa,cs.CL
772,199600ce11fffc299c43717ee57c204d361bbee6,cs.CL
773,acee88189ec7a4abc4b9446a5e0c98168d72ad68,cs.CL
774,1f36e36f4863cf4fdff6ecfe43acd0e6eeeb275c,cs.CL
775,3ac7b41e8ecda2ab4b7effc8cd81d51c7d5a3fa3,cs.FL
776,e84346a02e9e75bd4e23642ae6fd54e8b727474d,cs.CL
777,0d1bceb56cfb765b46886ee83f1d6a498d6ea61a,cs.CL
778,e08ba993e18d327c4a0d61e00990d4442c55e012,cs.CL
779,10c9a1b75e786fc62da8946370727a1df38e9297,cs.CL
780,bb7e46f316d319f9819c3554c99995ef8361ae9c,cs.DB
781,ef3608b7561e5af29f1e858ed3def79dc963b127,cs.CL
782,991d16222f1dbdf2f91f81fb81e022d161f3c640,cs.CL
783,03d5db23e5047bedb873da34be7d3ee89e05187a,cs.CL
784,8ee3cc1323466dda3b47ddea7c83dc3135957bb6,cs.AI
785,c4ff70dca54e83a56e4ff21cb59442fbb9a51659,cs.CL
786,3658d813bd59882003695761852008500f3c34ce,cs.IR
787,f131b342e3aede46d24afc9b9055a94cceb0936a,q-bio.BM
788,ba436f41891e528fbe514debb17090793f9ebba2,cs.CL
789,ec63fa721282ccc114c5dda4928e3b400f1190f3,cs.CL
790,97a080b4e2329da59d63430aa47317522500cb30,cs.CL
791,73b6868294007b2efa30e75e3dda15f4ee91a744,cs.CL
792,73e63b91c13978aa78b8a0c835a935aff4f2b5f4,cs.CL
793,68040213e9a83408cdc491ed3e235b52b537eed1,cs.CL
794,4a6d7b11c4aba5a23f68856989366dd4311e960b,cs.AI
795,086d8df8d4e00b726be48442a5ae930803459f9c,cs.CL
796,042764240d8047b7df96fd6e3519c17076250b9b,cs.CL
797,c43dbbbb1bbc46114f10e0117d0f08b23fbea45c,cs.CL
798,0c5ce1e807e579b08a220747334b2c83814084e0,cs.CL
799,ffc88ec18c7b74038408d046766a1dfcdef78bd9,cs.AI
800,23d444e1b4964a235013d16818ca23741b7b1595,cs.CL
801,5eba8724559f97b824e832451e4f832e319ce2cf,cs.CL
802,f0f5cf9d0a2dc4e6effd260d4d1d6509e7996c68,cs.CL
803,89711a7e91ad81874a5a0b1c3359bb67b27c0578,cs.CL
804,b92f2e87f9f2a4ef48e7d882f37b6722e9ef2d18,cs.PL
805,82dc493de24706e6ab73a444de7ba80a1e465273,cmp-lg
806,4d29a249fb008e4ae5d561d6575aed5435bb6010,cs.CL
807,4384342c18d3ceec7be3c4a65e938e93e34ce4ef,cs.CL
808,1e57f16e27316d0c606f2704238b15b2060d82a0,cs.LG
809,778b1087c5f285745552ee0c0a76cadd168a7901,cs.CL
810,ea4c4ab1f3829852e8df033daa1e7dbd5c3b17bc,cs.CL
811,29ee72574dbabcab77d741f28e9d10c709fdaf46,cs.CL
812,dc70b180329a6ffead5e48093fb5a551955047c4,cs.CL
813,4c5d391e4e23007c4ce380767d4c384bc257fb11,cs.CL
814,0cdae18a242eed67b46a1750c546b9bd8d812144,cs.CL
815,bb6c2a64ecb6e4c9f3f5720d53cca76a2c37505d,cs.CL
816,a24178c7b4011ae4eaa9d7a2976e2629665be590,cs.CL
817,b17e827549b75376a2e56e4324b28e96bb13e576,cs.CL
818,ae10d1462e63fd361550546d2470510e9a93fe75,cs.CL
819,7dad4176d7b8c8127079b769fa27bf77ae92b52f,cs.CL
820,d9e243e55de6fbd4fdb5f51cc995fb0bd286f4c4,cs.CL
821,586eee780c15d69179e8ce0dd1ee94a79697191d,cs.CL
822,22fbef2bfef213a7619ee4f307e8f42d1888e638,cs.CL
823,370b2df6b8fd7ba2c39c9b204cd5ab4bf5627e38,cs.SD
824,dde9ea2ac019b013d9e0f7781ae6238c41a00058,cs.PL
825,0e44b39b0763608e3a899e8e7cfd5999a7812ec2,cs.LG
826,d065dbe07e15593606d471a370f4f9ceaa6143ce,cs.AI
827,6ca2ec13954e6f51e1a3b9dbeb859cc5a66b69c1,cs.CL
828,f68a1468e8c027884d87868919db41cac31f8ab0,cs.CV
829,385376b8aa48c25403f17d6206db7c09b67e1314,cs.AI
830,47cb3dec8b5ccc5b4dc8bcb670ebaabe09f3e7b2,cs.CL
831,2815383611180e14e10ef1d84517338c52dcca9c,cmp-lg
832,234a9bdcb13351cb62ddeab9ea438314d2fef1ce,cs.CL
833,0a470fbfebb5515e8af8d9a09f603df4dfce40a0,cs.CL
834,1449a5ad402950cdf73c4670a2c5cf9d342fe865,cmp-lg
835,f2d1c5b000400b02204378ace85f2da49f5772b2,cmp-lg
836,14bef0c3ea1fff4ff85861377242d872fc7afcd9,cs.CL
837,8b19c791a09bfce411eadacb7f5cfaacab386bfd,cs.CL
838,0ad16e2c1c30d8ed5b63970e5fb3459a08218ea3,cs.CL
839,1c3112ef8a346b9817382ed34a8c146c53d5bcf5,cs.CL
840,bd2fbe5f6c7f26851c004e659a1e38a8f5005d80,cs.CL
841,e2a5871331f22ec13e62a3def972ef0774e64a2d,cs.IR
842,4a0010df256640465f5f390ae8753de9ff0090b8,cs.CL
843,0ffb67323b6ad26770eab157498749bfcfe5a392,cs.CL
844,d0576122f43b15ac31479fadf550b2f81cf01943,cs.CL
845,9e61d8de969f4f08001d22186298a1e0059602a6,cs.CL
846,c425800d30e88893ad95b7d5fff778945611d26a,cs.CL
847,100474bfb6ce0d23e7db9e4e905c074eaec31b50,cs.CL
848,1f11601f9eb8c0bee1d1d2cc7f4fa187e8c5e525,cs.CL
849,5cbc9eeaa977b9a21c4f33ab44d5cfc77ea13d3a,cs.CL
850,de5be844224b0c3d6585b27940b234c4b9ea1a43,cs.CL
851,f6588e7577f97328a37d442802fd9985bafa1a2f,cs.CL
852,5cca0c11f0a12abb4872a466db1fb9c1d6ff4aa0,cs.CL
853,7d40189f3fa56728b8d210628e98fc204961778f,cs.CL
854,c9f946a54195c18f96493fef1256c6e497524e13,cs.CL
855,bec04146473224f9be0098d274867ca4b1a61a53,cs.CL
856,3c8ae9eb7a77cfa63506971b2dd6134ac5dc7779,cs.CL
857,f5cbc9205bc04236b0fe2a91abe39f4ba52e3e49,cs.CL
858,4a2ac0a62b4492eccd44898f9b7021e46687c1c9,cs.LG
859,02613f553f9c2df81a47a493638b0f4000c1f0f5,cs.CL
860,beef7f7687721d4d963d4e03bcaf5976b11a6ba9,cs.CL
861,2612f8294454aab719376b411185d8a90b3510b9,cmp-lg
862,b7bd408f21bca0b71b88551adef4c8c4b0d4b98c,cmp-lg
863,b132633f835e4a205ca995e94648373b4d2dafda,cs.CL
864,0ca98cfa07e963932bd62e18189a25356d5355d2,cs.CL
865,2dd04995c07acfa529a3be21d8731dc8ff41194e,cs.CL
866,c860735c03b94aa5ab0aa0e62a232ba1bca41f2e,cs.CL
867,b8647eb447102c3df003a39b4768eacdc83d93d7,cs.CL
868,aeb0935cd182092d6f8547537b2958f40b1d6281,cs.CL
869,699ade2ea069f770cc4ef41bdd8d89255ccb6ec2,cs.CL
870,6995aff0c181ef6c8236b7e9cc27af8ddcf935a1,cs.CL
871,d70fe318d5fa97dab6ceaa3a5f14869f45b384dd,cs.CL
872,b2446e70637e0ef17a41c0bdab7f8baa4cdf7817,cs.CL
873,9c3b3353e2ac529ee2443b394d66ad4e544bfd34,cs.CL
874,800bb1ad43778ed7682e21ffbf9b2d12ffdd08c9,cs.HC
875,ae2e4d847334966e3b9404f40debc8be81547c60,cs.CL
876,cf07e7c5bebba9050420eac721f290aab7875e9d,cs.CL
877,73a464da86aa03a434274c397fb4e3473e0477f5,cs.CL
878,370648eabfcde7e0d6ef2c9e2a332672b556e8a6,cs.CL
879,a81ed90d219196b50e27795530b0eec51843df67,cs.CL
880,530e32d5442c3e1f990f6e69a6e14f56d1674402,cs.CL
881,a50ee01a66aa92b664a78b2a0628ac346f53e31d,cs.CL
882,8d65b5940a4dbed8c18e02ca35e3a9d7a14ea76b,cs.CL
883,f66e87d17f896f352da1966eea7ea26f6be021ab,cs.CL
884,382413044c57e6110977eee4df985376c8431375,cs.CL
885,13462ffa39426596aca510c86c487215f6f7e2ef,cs.AI
886,06a93d38185e55464c43a1cc035166c8f4df1e98,cs.CL
887,296e8ceeba6550d7ec9b9ee727e0c17420ebb926,cs.LG
888,11b09dd08a588ac0c49452608f4b89b57c8b3493,cs.CL
889,158b74f1bf867d18cb17b6e7e96d8aed585168e2,cs.FL
890,208d9e72a80c9333c36f8ede204128e3c808af84,cs.CL
891,1e0b42efee0eb272a460273d0c8718df611838f2,cs.SE
892,2de8424bba7196b95e25dd02df15a3b93196c072,cs.CL
893,a059e0e29ab50421c3082506fa992205710ba2ca,cs.CL
894,044e5159bd1d9202cd4eda67c7cb8d35b6636711,cs.CL
895,73f2a1db0e9d03ac61b498fb3405cbd049eb4577,cs.CL
896,96094609330a8f9a7a3fc6463763c2d60ba939ad,cs.CL
897,c99ad7a202ae2a3913f19b9ba8f436fc7e97ee13,cs.CL
898,ccc12c7a53269072355879a11a8f89f8b6780014,cs.CL
899,dbb695e1752a2b8d539e0c0f5165442ae5fc8f2a,cs.CL
900,9fcd663927f372107999d1bf36760c9919672d00,cs.CL
901,2e14ef22280480b3291bf05f792722e4eb77ebc0,cmp-lg
902,0a581b4b9f4cb41d344ac32a69fd40d60a4b5d02,physics.comp-ph
903,380f68125f1d943b2672f62e655f46c2e06add88,cs.CL
904,eb6c94106d29a423117b2f679e003891d1876e8b,cs.CL
905,83a859dc9d8fed167c91c8fdf59ea5c33f4faddf,cs.CL
906,c1c60be1c4c335564556c25ec901cd7028a880de,cs.CL
907,fa7c13f7096d99c6094adfd699683472eca9e07d,cs.CL
908,ae3d6eb676079d67068cbef2dcac7bcd220e3803,cs.CL
909,0a52c2eafe5b58c0d90f0da8a2a2d2a87bfa6e0d,cmp-lg
910,09bfe057c9285577242636950c6835b8731a07fb,cs.CL
911,3cd8d09e47b0acbd52e07d14eeb3faf6260760da,cs.CL
912,8332fcc91127f55c9274c1a4030e57e3589ebe39,cs.HC
913,49512270b39636375880d611d7b2192d324f4ba6,cs.LG
914,b7044889fbe68a2290b836335fe6bec2391d45d2,cs.CL
915,c70efa867f266307349f773f8791f678cdb87d08,cs.CL
916,4470e05d1aa2af33113f6dfaec1c308963823c3c,cs.CL
917,3acdaa62dbd16b844966ae412c832be151c257ba,cs.CL
918,7599f3035011b32294d8dfa3078b876daf6881e3,cs.CL
919,990abc1ea23b90b803e83071f9d627c7fbe2eb84,cs.CL
920,b4023250016e424ec5df5207d8823a035e02daa0,cs.RO
921,c8defe1745206ed14949182739e6e970852c8027,cs.CL
922,3255c7da1cc28b56dc3ea57dedd8553cee7bdcf7,eess.AS
923,824fab82d9c5f94bccdea0c1f5ec46e2a93bcf1e,cs.CL
924,164d64f0dcb34fec849ccdafe8466f2ac5a5665d,cs.CL
925,a84ad8292b5536e49322e414c70cde73daef9eb4,cs.CL
926,f0c56d70abf85632dda40b0ca10ab7b425957498,cs.CL
927,f830a3e60d24801cc8c8685fdc6b1bb97e74055f,cs.CL
928,7cf11c08dc1f79b7340dfd4105e4c71389b4694b,cs.AI
929,95974da6644305e572c0194c4dd50d44da0d7ed5,cmp-lg
930,f0110d0f7e938038bc1305c4c243b2d631d32c39,cs.CL
931,737edd43cc3eabea510c32242af9add91f0bf345,cs.CL
932,9e60b43f35704f56ed918d0c17cf1dce5b748550,cs.CL
933,9df7dac5d6a27439f39a8b560fd115bb15594dc7,cs.CL
934,86c39502467fd2f482b95e178bf4dfd2978e4a32,cs.CL
935,9a8ba884c9e38c9eb1ae2f4321fe202fe1573edc,cs.CL
936,641a9749fe546a02bbab9a86bfc91492db1c3bc5,cs.CL
937,1e3ef48abeef882e12f9553a1baf8944f3782c88,cs.CL
938,b44fbb613573f78d444361d7670c8ab130ef9174,cs.CL
939,468fc94845b52c6e96ba1f3c3884d0653d5421b4,cs.CL
940,e41d5cb98f7b8573f1a874c626e2068b7357efb2,cs.CL
941,e63b7bbae183459ae0e62dbed0a40bec02f87fd9,cs.IR
942,596c882de006e4bb4a93f1fa08a5dd467bee060a,cs.CL
943,8dbb0b9ca61e2753c6759446c6909acda616095a,cs.CL
944,4338266891240f968b3968cf7727fed394bae3ce,cs.CL
945,9d13c20358e9892c77449779e349b0467f20748d,cs.DB
946,e3f3cf47e5a61d1c6c7b7a360721c3e7089705ad,cs.CL
947,2ff01df0ce2cc6a9904315785188d5bd41655ca8,cs.CL
948,c242438dac5aa4d9b13766c14240bb8426690d58,cs.CL
949,22ef74d60e8dabf3167b8288ffb0a6faa8797736,cs.CV
950,f1e5e913770eb7b96f7235af695e236e303fedda,cs.CL
951,a94376490d978b900c0b310a24d72838bd0b79e7,cs.CL
952,368516d3abce5e640fc8533c30c689f35afad146,cs.HC
953,5dcc65466e4dd1f400823f424d720422a65cd7a5,cs.AI
954,25bd87fea2051effbe3acc7fbf12a9ddb83513da,cs.CL
955,218956012927bbc0dbbfd94354a56e16a6f38489,cs.CL
956,15315e111d7c2d49a6f40660fd6e85e96258f7d3,cs.CL
957,22dfb7f0cbf5330a3bf901ae14637f42832e76a1,cs.CL
958,a4bc44a41b0ddfb70d3a1a189127991cd3d68b7c,cs.CL
959,bdaa46edaf6596a3c67cd23d5f140d3ab0fb85e1,cs.CL
960,a4b404872f075c10c0c07114e7805907508fdf49,cs.CL
961,a0e55b2d77e286f6400b293452582c894fc7be50,cs.CL
962,5a8ea70220fec4ea2775d6ba36c1b7897e8ab83b,cs.CL
963,dda30b73429f72ca80c3267debaefe0b5bf83c5e,cs.CL
964,0ad61af4b2f8f8cbc1857867ee14b738a4427129,cs.CV
965,de643836277d108e1f8410ea85b0c3ed0e686163,cs.CL
966,07c53cf78f0ec5b95e89dd4fc4f5774ab486c4b5,cs.CL
967,5700818068c867450678cfa8910be7c749fabcf8,cs.CL
968,c6b30fc2469c4e72a311d91f831cb09ad9345a5d,cs.CL
969,c60adc41887d2109d7762524bffe49298c0bb0f6,cs.LG
970,e58b0ee9a1fdb15a72ee721053df3569127cde42,cs.CL
971,4d93ad53d08a62da93455e1433ff601cd71de5b1,q-bio.NC
972,3630494fd49a059d52485743718b4b07dec7b374,cs.CV
973,cc92b110a26778c2512b47cdec50e1e35074c868,cs.CL
974,5d08006d7b65461221b1a1e3865d7149d1a19077,cmp-lg
975,385a8f67ce61d08564b8c1b349a496b9cd5e056b,cs.CL
976,f074dc1a43eac86ea84075a694ddc5eefedc5535,cs.SE
977,476de9654c840a080276c4b8b5dadfdbe25c663f,cs.AI
978,da72dfe9d30ea9d74b5cb9a3b724d706ed7ddc08,cs.CL
979,9114290a25915f39c7a6a0b60a0aa6bfd386d40d,cs.CL
980,a5a13071e3f834ec90c0c69087b84363abc2fb38,cs.CL
981,00d9a73c54053a32e2aba92b53fc3e6bc71d3238,cs.CL
982,83bfe9264c46d656a0d1c7dd86cb2ccd254d9d60,cs.RO
983,99e470e72d74bebb31a08ca9d4cd6eca3db6ca7d,cs.CL
984,ea726b734ad22927338234089c0c3742aab0478c,cs.CL
985,b89f204efc78f1c40159e6753f6a607ccf80bcdf,cs.CL
986,81fbf08beb80b01abaa6ad6a07b48c3034ead8a6,cs.CL
987,1f029f51e30361125bbaa0a53494cc508a52a761,cs.CL
988,8199b4c196b09d6176816e4d7db8d6f3d65e07c1,cs.CL
989,98b4965f40ead5ee1aa5bfd3125961b757e9f9a3,cs.CL
990,6a714159fd367d904309544632d7b4633d9be119,cs.CL
991,0dd2fdd5c8e6819055e2fcdf09a09917fc9ac4b8,cs.CY
992,f7178c1d3522a7ad27e36d36236a7c56e1764aba,cs.CL
993,65c06ea818f2f68f7f0fc496dfbea5b0dbd87e3b,cs.CL
994,801b73e9fe8c32362b6732dbcfa0d05487873d84,cs.CL
995,ed9826c7560b62a87a0dc9c32ed48098dae19453,cs.AI
996,74fbd5af3a1cd149753a212c657f3f9ac4b8edb0,cs.AI
997,801cf423dd24a5a43cac45124db33a6a2ddaaa68,cs.CY
998,928cd808aba140ec298508df87c5579811ff2f41,cs.DC
999,edaf14777326d374f691b6c10df0ab720e2026a3,cs.AI
1000,5e2ef6abd77e9d3512e4f9ba694d7c6ad35c8db5,cs.CR
1001,e6fd810701f94bf4915b6361e6030ada731b8ea2,cs.AI
1002,963d06735bb7aef982511cc601011c62743e22cb,cs.AI
1003,dcfd1ae5a2ce484c687a21fa0dbe19fbb56dec1c,cs.AI
1004,b93d9995f9ce3b15f4c4855ae62f0bf6f9bc041f,cs.AI
1005,1a1e73e0cb741f65b17d4e8aedfa25ed6a4fd103,cs.AI
1006,1e93e0a27faa884c03583a16cca3d5c9694ab215,cs.NE
1007,eafc3160627576c2cd419c7ceb4b25ff38f94953,cs.AI
1008,921328ec369ac8f30d719ec553dde0cb8b708ef4,cs.AI
1009,7600a794731a9cffc298562e0eabb9097a4806bd,cs.AI
1010,9e1be153d25fa691b0b6408d047e5bc0b7bc36b2,cs.AI
1011,b7d5c48493f30731c1bd9b00c2bdeb4dbf80b209,cs.AI
1012,cd83fd81ee8d45bac34ccb6b0f6a1886d32acd92,cs.AI
1013,38bdca75587ed41bb7e1e6673fe5118aa25efe89,cs.AI
1014,568d8af7e44ec0b39831a586d2d5257c2ee8cf34,cs.AI
1015,d8401eff93d2f61ccab6f20e8ffa8c24d7f2071b,cs.CY
1016,c30809cdfcbcbb467fa6c85bdfbcaae0160ebcfb,eess.SP
1017,300fca2bd40bd5eac2c253eec7ac1ce22ea73904,cs.CR
1018,601708af94204a9453be9fde5f3f8ceb61e0243c,cs.AI
1019,c127210260d3a04a0ddc33aa3ab90000903465e7,cs.AI
1020,05a8923ab60c2663199656e24c685624ba8fcd76,nlin.AO
1021,1e905582abf156c2acf92f9c0d6a8acc2220c854,cs.AI
1022,531e1a9dfb002699833dd148092d74f89b078b17,cs.AI
1023,d10d21446c7b9fdb9eac124a82c9eed4481b4d84,cs.NE
1024,858f006278a3b79e6fc0561ee3ff80e66761827a,q-fin.CP
1025,cb45cb5ccca0c3fd78704bcd6c89459086f76c11,cs.AI
1026,8048ee8bf9f77144497639bd7f052c3ab0d3999b,cs.AI
1027,afcb0398dc21bb084e4feae1efadd29a6490f6d3,cs.AI
1028,f117226f678d71a1f9baf1fdec1f49ab33894ecc,cs.AI
1029,fe2d5fe6af1b5f9d7fe1fad24ee69dd3869982e1,cs.AI
1030,8e58db5def7e10e7e442236df7c4ec01da024e1f,cs.CR
1031,b4bf49605f0c4c250c95a1da58b70b0e93a248b2,cs.AI
1032,c621d6b505a8e4633bf9e36830664ee0b0041581,cs.AI
1033,4aa6f7e0e063f6353829f97564d511096eb51591,quant-ph
1034,c8ea06482e18816f8f1f89721d624b45d1299432,cs.CY
1035,a7f7832f2ddc70ca62c1d6bbadbb179201d1b93b,cs.CR
1036,0f246c88598b57062fee80b97589fa72ad9e96cf,cs.AI
1037,e86d0100a40638fec425a608c2e1cb3fe30289aa,cs.AI
1038,80179a17eab0f9fb6e21840f3fed96c4d75c3442,cs.AI
1039,f1fdc5810312ea877c18ce995c57394cb31c8713,cs.AI
1040,f1bc4538748efa3dc79a9ad829b9779658fae20c,cs.AI
1041,99703ca243306f5eb0d0db4215c0956f87feec53,cs.AI
1042,7359c0d575623df6b108564af1e447655fe0972f,cs.HC
1043,0d758632a5ea35bb2590e199e0aac29a026f2632,cs.CY
1044,5e7c6acd5822b0faeb50e0427de3a78091f20fac,cs.HC
1045,7fdf6b191c6bb665dcf9dabce61b924e067a8a65,cs.CY
1046,5715d4ef15a3786b072dfaa2608a2b7c7b0c14ee,cs.DL
1047,391453413761a841adfd1239bb30ccc86f909bda,cs.AI
1048,2b1a03ee0e77f9ee1ac80ed212ad28379b65283e,cs.SI
1049,01b5ed3ff257639aadbf048e02837963b40dad8d,cs.LG
1050,261a45bc9a81c2a534dfbfaf32cfdc700ec654c1,eess.IV
1051,9ca54f7cc3f8a9ac24e40c33c5d1dc1323b1bb14,cs.SE
1052,7ddebbf3e8a324061bc1ba6659d8247a39fd7133,cs.CY
1053,72ea3c12cdf367aa8896ace906af48a23016cfc2,cs.AI
1054,8e6538e9b61bc38b030ba1152b0c5709d90b114e,cs.CL
1055,1b2e71d07f5c570e18f18858380792dca4f3b25e,cs.AI
1056,f770453e7dc5a9116e37823f6a0929ca60bbc1f1,cs.LG
1057,f44a3268b8c4c9db2378d909c8a46c8a066266a1,cs.AI
1058,4dee64fdc4c3c36c1b9c9258cd940c8426c311c6,cs.CL
1059,f90e4db93456237d70da5b48121cb480c1255992,cs.NI
1060,aed1a0331cd586a601b0a5d40eee61cba1a4823e,cs.AI
1061,abccb81e41ad977b6803a3dde3e1651f81385593,cs.LG
1062,2f5fbd38829f6afc44e76d285c390c0f6a06cb29,cs.AI
1063,11cb70f4bd5c25c5ba916e0a015a8aa9931a38a6,cs.AI
1064,e631f997dd176d7401fd0693c16ea262dcf39143,cs.DB
1065,afb3abfe977e6ca0feaab430204922ba82acda1b,cs.CY
1066,c0cea197bd0827f5d5e864b91ff77ccecc43a21d,cs.SI
1067,b7cbf6cdd497c6eb4374c7b52e0c1b18f1b76381,cs.CV
1068,de9e60036978bd9b2d95388898db2e331ef6bbc3,cs.AI
1069,3b6d0a1b0e982e328e6611d0ae194938f02872fc,cs.AI
1070,d9c6562a197222cf0e054cda6c943a1b990845b5,cs.AI
1071,a0f303b6e22ef52943355993f57d65938997066a,cs.AI
1072,2b31bbc4e042a0ff2e24e3e46ac6d1f66b1054b9,cs.AI
1073,717e8d432941d5297cd7dc7918f26e7fe73c8482,cs.AI
1074,778981acb7b9c620cb029e2337cb8e46160811a7,cs.AI
1075,c28e10616d0f039de2a4acadce0791176fca16ee,cs.CY
1076,bf987a09c830f13d5bd48043969c0c8e3cac3b12,cs.AI
1077,b3f845f5b863c20565352d902fb45187cdc9c687,q-bio.NC
1078,8aeb27177a22b5d522be4e8714938cbea10c06e3,cs.AI
1079,42bd8a62e2ef542c4c4d77ee36c77cddbece8e6c,cs.AI
1080,530a059cb48477ad1e3d4f8f4b153274c8997332,cs.AI
1081,76a56c976c892bd372c8da3003921d073fb57fb2,cs.AI
1082,698b771975b0bcaab402b936af259c39ebd9239d,cs.AI
1083,ddf4d01c321b02593baed162dc02f9b9a94737db,cs.AI
1084,923b5acdff2bc6c55efa2ad5d4f21c747355c325,cs.AI
1085,4095005e77df4a74baca6208cdfe715d7dd5e9d3,cs.AI
1086,f4115303ab214d9e988878bf8fa579a1999fb04a,cs.AI
1087,933248764d001e8e8ef684fefe231a1b8fa16ee0,cs.AI
1088,36728e8c5172189cce494640a7df6bc9ce423e3d,cs.LG
1089,c770c7e62ff2dde5ebb3d87329ce7a3e46425eed,cs.AI
1090,40ced33773b83325d8931ba85b23d0ac703206b2,cs.DC
1091,f80e7b5baa6adf0cd5dddb5ba973fed9d8a216cf,cs.AI
1092,ac55b7824a012d4dae0791c7b4993fa4459a31f7,cs.AI
1093,77d972eb347141ebb4e250a3c605bc3e3ac61d67,cs.AI
1094,60ff2416c62b05ffe2fb2068c1c8bb48a7f76f4b,cs.AI
1095,60d45252120cd6140858f36919de67d1535395be,cs.AI
1096,edfe897f1b767283e0dadc8eee50f854a7f5d2ed,cs.CL
1097,6b7af4bfb4e5267208f38c08297864231878421c,cs.AI
1098,f66c1e4bf653ae86a17387f57c13d64202de7839,cs.AI
1099,6b819d4225b8e8ed7129d8585464c8db342c1118,cs.AI
1100,c7d66f77a58da5c0ee51ecc08110a04ce25c97ee,stat.ML
1101,89b7597519173984028ec7cb7ab95f555b54523e,cs.AI
1102,977e801a50dd0abda61b3b8d65155381712910d4,cs.AI
1103,24fddfc2d1f9e952f28fdf1f447df147a48a55ac,cs.AI
1104,9615b93c93154c8d108235ea031ed3b368b00e87,cs.AI
1105,4e8c7507139209dede896d2e5caecb8d43d5236f,cs.AI
1106,f72741116e5d60fee02a8c9a2ea31a1525fe1718,cs.AI
1107,17f5b88d78ef8de4a1ac73ac13f4f409be87e6dd,cs.AI
1108,bdae081cb3add965a02fb9c6217f681ac5d57bbb,cs.AI
1109,4029b344fc0c9f35f41bfe35c443111faba27230,cs.AI
1110,eeee5d4e71cca4196068b6db57fb565f1cd8fc06,cs.AI
1111,388780c6954a0b10b700903efb96fa0c5774dbf6,cs.AI
1112,f9ef7b314a42afa62c6427436f8d6a5ff51dbc14,cs.AI
1113,6f396134f1de4fe22ff336ec8f53d24b6f7cba81,cs.AI
1114,b14d69f5241be9ddadf19db92bc8d599fef51a94,cs.AI
1115,9f26fb9f81c6b7e70c171c4e3aed399b34343e22,cs.CY
1116,baa57480187c3ca6f16f9abdbc2ad2507bb0a40f,cs.AI
1117,ecf071407c8161d0f07cf50dcdf3accd58ebed10,cs.NI
1118,d8079fbf177e3bd60069aede832e92f1005306d6,cs.HC
1119,96cf37c4a8fd333c2b149a8c9b312f7c21da351b,cs.AI
1120,01a4f98186d5e30f97bfe28f54196a43d41dcf60,cs.AI
1121,710e293fa02b27da0270d5d4303a03c342fcc3c7,cs.DC
1122,aed462cc50216029428b889491e0d082d0220ac7,physics.med-ph
1123,868f98dfefd696a3cbf0c9b6adc95a1996da3102,cs.AI
1124,44a8ffd1d36114d9530fa38e20916df70073f34d,cs.AI
1125,d3a857a4bccf9a23b2d1e523c89456de728403b3,cs.AI
1126,eba8c42f158f0333b77c2c4c017e6a5fd47e806a,cs.CY
1127,62afa6f8404ac295a4c1955e34312a7863e9abcd,cs.CR
1128,3996403fa4044cc6731fbb38c462f5a0cf4dceb4,cs.MA
1129,80998eefa2e5d5428506e16e5c6a33d520bc805f,econ.TH
1130,a41b5b11123ea588753fb2fd25be1dfa47593482,cs.AI
1131,8d1475581deed0459108882f2f3b0324bc512853,cs.CY
1132,d67747328829183435601cdbed728459e7171f8a,cs.AI
1133,9c8a8221c8aa80b1fe30346bfaf48d2eb1345434,cs.CY
1134,4a2d175aedd3c5c2e81ddf9345bc6c8925c0ad2f,cs.AI
1135,629e9a6defaf9236ee384dc2067e6a476282dd52,cs.AI
1136,a19e41ac9755959cfe897d8e91dac90dfe3ef230,cs.AI
1137,b8a4f4d94bb80a53a3b63be6222c0442eafc9bec,cs.AI
1138,d0002ef7af8563b1ad04749460659944e709dc45,cs.LG
1139,f85bbde88b00da1517fcce601cfad34fbf0d9730,cs.CL
1140,eaa4c65d5a1cbbc78dbdcd4c537ef9bda81bcffc,cs.AI
1141,299def06719ea175d3113b4ff760b6ab83dbccf0,cs.CR
1142,a0648d9d3bb80bf949c1c635e5e72f5fa771165a,cs.LG
1143,236c00be7fe8e7452d9ad0ff16cb9a36a6bd783f,cs.CY
1144,3b491f6b5038f544a3eb3bfbdc3913222f44fe74,cs.AI
1145,b4971e2ae40a004b2829ee4b8d53a7d95cb756b2,cs.AI
1146,b0131dc02b155d10557017dcd9b338922a09cabe,cs.CY
1147,3320b97b24abeec6f58da470b679a286f6525429,cs.HC
1148,d66779cf5b9e61417fdbb56b459d0e3547c38ae0,cs.DL
1149,f0c7d8317fffce4820ebf34322bade0d40e996fa,cs.AI
1150,102c849c0704df4ef163e1e2aa6fd0598d2de687,cs.AI
1151,6e11aa04210f61151abe4422fa0e6329d2131fb1,eess.SY
1152,7930f42ffc2ed6a677bac87cf02893d460ca3b09,cs.CL
1153,cd1ed016b1ba20569f37af035b2a57f02e84610c,cs.LG
1154,2656a0199fc23993aa01a93c95abbe517ea818f9,cs.NI
1155,1bc11e4e91941a6e5a7a78bf7a77b88397d0dd50,cs.AI
1156,b7f8ba0c901087ac66938a6f0cacfe9d4ae75c17,cs.SE
1157,0edbcf40a5d8f001b1542c4adfaf3303c7216cb9,cs.CL
1158,b6080792b3e5f13cb6e12f2318f77c8f1b41731a,cs.LG
1159,c1bf768d68f2213e60f397e6a6ddafa162201d0a,cs.AI
1160,3b5e3f645f48e2cf01c5ec662ac4cd410715f6fc,cs.AI
1161,073a9f3ad1259890cefe79b79b7a94de97a22023,cs.SE
1162,94b5bdc2203cdca71c639f50d3b526a7e2c5d42d,cs.HC
1163,7e3b95ce5613949bc1c16139bea61af6636438f2,cs.CY
1164,93fa7e1485a19eb94b5f5e4a989a32a9d090442c,cs.AI
1165,ff454102c4c74c04450a4444a4287d36f7130244,cs.AI
1166,2734ee9c067efe22bb47ed9ba1e9c0691620c417,cs.AI
1167,589758963890c55cb17289402e5d26112ce8d4db,cs.AI
1168,d74829c3a35b2a1a33d9b46dcc97bcf0363d6178,cs.SE
1169,2dc6d884562c89514bb10e5a20028bbf0dda9548,cs.AI
1170,a0a1efec3de4c2949482e9e5d5612ce6a0648fbc,cs.NI
1171,9534440bfc2d8f0de99d9a2038481733d84594fb,cs.AI
1172,3877d1d7e2b340677b858c0bdb632d1248fdcd08,cs.CY
1173,972557f6618f31efa65c9313d869f44b1c07079c,math.AT
1174,591cab91781e5b0e61e3138b8b57b6c86ab0b422,cs.LG
1175,f7878a9514262f9f1f0080a393833f2b2d79d35c,cs.LG
1176,4b6a40f618c100e0fff3c45628541c6e9233efc3,cs.AI
1177,348a7448a5926e2ace4aadf5a0b6c04c8baff8d0,cs.HC
1178,d1e8f6e015a06c8ae298d41fd4456b8a1257de27,cs.CY
1179,e6755fe793ee5dc18483a39e4060bea8ff852978,econ.GN
1180,a56191e26ef819bde340e204a8a50271482cf0b9,econ.TH
1181,bb8a4de70aeadadd6b3931729aeddb49ea88dc12,cs.CY
1182,24185cef6cdbf428fd8cdda56a7ee578142f446f,cs.CL
1183,55db71df8e5932a20d4eb13de5890bd9a3ee66b3,cs.CR
1184,a42cb41c85e74cce1fa48937e819b42b07f2321f,q-bio.NC
1185,65695385bba45bcf618a836c3cd150a9ddf4602e,cs.CY
1186,76a403ed756b831b8b92bb5e4ee1b2615ca23921,cs.CR
1187,6a9d7124192e46d7c278021cdcef5e9dc24306a0,q-bio.NC
1188,30b4b3847070492d90e32bc0fed63a542279be9f,cs.AI
1189,5a14a6e4dc79e244d5ed2c50bb303093b157894c,cs.AI
1190,5e17b611a6f9d760fc7cc7a3aca0cb560468bc7d,cs.LO
1191,8ee815b5b92ca5d2cea7c84101e32b06d4723969,cs.AI
1192,3673a67ec0175af9fd52d230f77242a9e23a608a,cs.CY
1193,5e78af2f7da1228d650c35105fec76ef4ef9dcc9,cs.AI
1194,0c508ee36e4d07aab20027b6eb8bc75fcda8412f,cs.NE
1195,f98c391138055c131adb8e9764b886a5526f2698,cs.AI
1196,bf0a6c227cc1a90421e8cdaa2bc6af77030ed1ef,cs.AI
1197,e9046fa9227720578b686aef45d06aaf80448a14,cs.AI
1198,38c5ad0a001e246149b36bfb5e22b687e7208818,cs.AI
1199,57efe98843170cd86991594007ad8c712f0a38a4,q-bio.MN
1200,a28f7ba8ea59690dd7bb31959256d32bac5dc58d,cs.AI
1201,b9c0705d6e644bf51c452a24548c79a5f4d3166d,cs.NE
1202,0ec16922e408bf48d63fc604b4966d6a53aabad9,cs.LG
1203,3211356e4a00fe2620246fc72fb3f477dd7d159f,cs.AI
1204,00a124ecdb12e186383ee47c24515fde66d436c0,cs.CV
1205,0687c6b62801d8f38bf42b61ca493d84e836212b,cs.AI
1206,b4916c497d996ad21433a8fda701b6306b0854cd,cs.CY
1207,be7c75cd1582b56d00384bd4fda5907a25e52486,eess.IV
1208,00a36102c009698878c4285f66f84e827efc4803,cs.CY
1209,faf588373381ac56714613dd7ac19c84221cfc1e,cs.AI
1210,221ac934ea3afc41c1b7f651464c88711b1ae23a,cs.AI
1211,6e7526d0e63a9662d912cbf6e88699e8dd1e3aaf,cs.CY
1212,fa0f9f8f624bf431b5c1e67af310211b31813c5d,cs.AI
1213,0d37a2eca7719eac6a9079ead0f1940e96ccb53d,cs.AI
1214,75cb9403ba62a5b8ae11feb8eb8e5f0dd72f0515,cs.AI
1215,36ccf3967e4cb30caeb9419c113eecde0074aa7e,cs.AI
1216,2a26ccff62cc2d416e2ecba7b79e32c0ed5bcb3f,cs.AI
1217,e77370c179c67354899eda8cb812a07e7269c7c1,cs.AI
1218,261c25adc19c2d107403913e464ad5520a56a261,cs.AI
1219,f1ceae15319f63549d177a71cd02277a95aef90f,cs.AI
1220,c83bb1f92c31a435bc38e2ac0d5382ae55ce53f3,cs.AI
1221,5a8b1cbfb9479dd348f13ff7365bdd1449f6adc7,cs.CY
1222,58f1bf46b3b739a10234367ea187f864d118a02f,cs.AI
1223,b2f4ca80f4a8c1de6508fb7856f73dc89a9b0f5f,cs.AI
1224,ea2c8d54610aaafbdcf7df9d870770e8b69280c3,cs.AI
1225,a2ca55077cb0386c806ffb36e71ffeaa80081f0d,cs.AI
1226,1b006108488a28ab7aba71ba2c96282f06f837a8,cs.HC
1227,f1caedca9d8cb2de7517747ed834e0459230feea,cs.AI
1228,586e1ce335c9357984f96546e217d480d5dccf08,cs.AI
1229,171d7e76a82a6ec3a27334d1646594eebc969988,cs.CL
1230,f11663efc342853b0433c518487a21996861049b,cs.CY
1231,9c735cd9feb02917ba463bf7b00b80de1ed4f3ad,cs.AI
1232,295c35e3b606d366d7016efc3c15c90b7d03429c,cs.AI
1233,9a2621d6687c258eecf1bca5ff1cfba1f11ca640,cs.NE
1234,2a63d43ee1c8da01fd159141fed01687cd467a13,cs.AI
1235,329eecc37cfd07a4805cc5fa4c815c13ef37eec3,cs.AI
1236,390e12f10c2b9751e99aef064c0796ba2f228502,cs.AI
1237,6d21ebdd3339ff8617e04d498eca7084a3edfc70,cs.AI
1238,b5f724b84037d94b7add49f8c092f3e9ece46e3d,cs.AI
1239,c5796dc21e895cced67bede332ca1f04f23230e4,cs.AI
1240,ae318dbe17a852bb8c02647d49d447ab230fcedb,cs.AI
1241,e331cdec6139d420d5a6b125d3c2568a516df3a8,cs.AI
1242,530d8c10a6b8e8f3e799ad89810a5c28224a97f1,stat.ME
1243,06f251f085bd260dd564592abd1130b00ffa23db,stat.ME
1244,52548851dae3c72f4d120ebf5153ff70e5112d20,cs.AI
1245,f194a45fb846441d013a560970f79d96c0912851,cs.AI
1246,49d837eade948db5e4dd83a31afc9259cb1f67a6,cs.AI
1247,73f6457c2616ed3e83e09548f1bfe1a71dc33b02,stat.ME
1248,23a0bb7a14c21bc1884d7f91dc97ff134e30324f,cs.AI
1249,23bc47c6157b2682e15acadcbb21b61cc187c6c1,cs.AI
1250,3b09fe4bd9c59a122971e5ba28b806c2c66c1755,cs.AI
1251,b7273be81a6cb60641b99a531f7fcd123373f439,cs.AI
1252,2e3b57fd332fcbc8f30d113a3b054ad6e471adbf,cs.AI
1253,3ba78e61e34c81b8280f2bf2278ea9c706627580,cs.AI
1254,cca7b003987098739658326c9abcf6bfe7334343,cs.AI
1255,891dc14157fddf03c2155d3cf597235758f48d57,cs.AI
1256,d65fc34c77d29060b44cc60495f666ab5098949a,cs.AI
1257,68c0d51ca88f9b625aa322f2667ca47bbf4edc25,cs.AI
1258,7b62e8b56e914f114c536f1d689577935352f0d3,cs.AI
1259,4af9ffd9bf7d4371605f079ec938bb3eef52cba5,cs.AI
1260,148c1e25af3e600fc7b5c6324ba2dc3cfb6bee0a,cs.AI
1261,fc63f24242b42c6624cbc31766a084acb7b43474,cs.AI
1262,ec6949b6723b27133846677923d2226651c5acd4,cs.AI
1263,d9dab43e8d8574e6b97a13d8045fa597e4c1f621,cs.AI
1264,d0252b3960cdd84523ee9551a5ad051bf1070de1,cs.AI
1265,46be16a191060f77baa794a52849a9a85e879475,cs.AI
1266,f34eb6965f52614d980ebdcff70671fb57b33ace,cs.AI
1267,ef47757d8ee7aedbf3d3a1effb1f371dd0e1f388,cs.AI
1268,710fc0b87dd3a8ff7969546dd5a3a7229e097be6,cs.AI
1269,70e7ae486fc4cf97a6bb2c006daa3333e4997a01,cs.AI
1270,659f7b93beec7e025f23b084391ebe724e167675,cs.AI
1271,3a89a5838b85c0da4d90430aee79a36fde875626,cs.AI
1272,51aa4082941abe44da5eb1fdaf9682275e4b22fc,cs.AI
1273,7d71bf3fab2d0eaec8a681a808753be30bdaf213,cs.AI
1274,1348b2d7138b564ee8bb4ba974bb45427695e86f,cs.AI
1275,a86f8e761d83af0bab77d7927f633ab5912e81f7,cs.AI
1276,b923c431edb74768727f1d85f48a132557d7e24f,cs.AI
1277,1ed4a66c0d54ef46e4b57ca44ff6f17f3acb8edd,cs.AI
1278,59316b53a3be21ef455a19283be8bf2afb462234,cs.AI
1279,ed7d9a4224635c0ce18b35de8aa04d282597b962,cs.AI
1280,9ff420230846221cfa0108da3f6b9c6fa6449045,cs.AI
1281,fd9b00616470d949ee09ed9c12640723146eb0c9,cs.AI
1282,6dcc6520e1f8d17b6968868f997b9af856944862,cs.AI
1283,49b354884fce4be3df60e5981be9f5769bb68322,cs.AI
1284,84d72fc57a153efa6236b5f5a6d4f65e5513178e,cs.AI
1285,f37720b977d91a2615b3f620f09d8b5267d95cac,cs.AI
1286,e4d5c040e68adfc2fa47fa70bd9c58a46c72a85d,cs.AI
1287,5a0415cf63ec00d562ecc9487de1bf2863c32729,cs.AI
1288,3bd02b8ad925322644d03f21680e4ae584a31d4f,cs.AI
1289,30123ed744678b2f5835952bc7f890f0f672c093,cs.AI
1290,cd8f202923eae290b3686e822421897bbfb18ca5,cs.AI
1291,aa8de54d2ad8f156e17c402467eab63baeb29d9d,cs.AI
1292,11765fbdb0315d54c7b36d69a7e6f4227161d4b1,cs.AI
1293,5098a036926119aa334279e9cded879d5aa23b6e,cs.AI
1294,b161bbc50db305b7f77dc6c29170278ea8c90e40,cs.AI
1295,0f79b7cd184fc6317bfc14ac4208bc69995f825b,cs.AI
1296,3eb54c38421009eac93c667b303afdd1e5544fce,cs.AI
1297,8b54c2c6d6b3a7cdbbcca2ef4a6ca2784e655858,cs.AI
1298,14822c59014a3eb577fc6abd0d291eda0536d52d,cs.AI
1299,87ad618cd942cae26844d515f64dd726865129b2,cs.AI
1300,dc8bc65dc57ad3489a88bbcf96094c4ff0a642ab,cs.AI
1301,34acb6ec40207a6d5ee47a12784f904d3eb5014f,cs.AI
1302,1fa88b83823596d7a37b04f764c95a03cd79791b,cs.AI
1303,e34cb1e8a486f39bcd88c139833de77d5e9c94d1,cs.AI
1304,013c365fdcddb3e340a87d51b14fc253b95afd6d,cs.AI
1305,76ebf0a48d0d8251e3b3eeb812895f35c3011f2a,cs.AI
1306,0d2e0d6410f7be246e40bcfc63c61cf2186d5b9d,cs.AI
1307,55818c772745979d30e019fa19471cedcaec6dfa,cs.AI
1308,9eae5592ebb2a00eb050ff64fdb1f8289ddda0b9,cs.AI
1309,b4282ce86de41a6565e50749d05474dfcb725353,cs.CV
1310,a88833b0fb45781c2cc572ebb8f30b135606bcae,cs.AI
1311,fb5b4f9280b287a57910e60884c618bb21b47045,cs.AI
1312,7959c8c5db47581e6d12beb9440737d416eeee14,cs.AI
1313,9854956c37b2b1cc1cb576ce53473ef105734f5f,cs.AI
1314,00cc9ccf5e4a252dbdce15ec4d4e7c09d2262386,cs.AI
1315,267fe67678fe7466406ad2edaffdfe2b53421ee4,cs.AI
1316,f92b3874942a1b473ecf22329d0cfaddd7b245c0,cs.AI
1317,3917d52d192481e851397a2fd892ce7c51a133ba,cs.AI
1318,73ba229d5fe920e33ad0509707602a97ef492ffd,cs.AI
1319,ed4db927a00c8d25f609f613c4e1c9b50e28af8e,cs.AI
1320,a071307556d1025a618911407c84e32d12213e42,cs.AI
1322,59b933277ecf7189abaf9188f4b440d5c2efd53e,cs.AI
1323,67ed4e7000c5ed9fce4b9781b036459f223be859,cs.AI
1324,c1231c0dc8efb44f13f2180e5996b267bcc29150,cs.AI
1325,419abd661ee8d20791622f6708a6f5062a5ee837,cs.AI
1326,1de2c31ce705df03c41a6101c72af44bc1554b84,cs.AI
1327,9d0bd60fbf4eb6e82e5b622911207caeb0dcf0a1,cs.AI
1328,2977d5e6a1552d4f4edf59481db078d9010fece1,cs.AI
1329,7c59e80ed21698ceaffeeaf4c5868ac6ff34e911,cs.AI
1330,c3d487ca75f26adadd94ba7af4b57aed8d661ff3,cs.AI
1331,7ec398ff9614adb369aed86102ca5eb330887c45,cs.AI
1332,f6d0961ef712497ddc2e5e8c15b2c1f0d31a58b8,cs.AI
1333,deb120ddbf88d27fbff8361e01a9fc3999242380,cs.AI
1334,6328d027618a1247df0780372c695d8f9a658c78,cs.AI
1335,24b8b7f638aae07491d0ddf8644505d20e17d35a,cs.AI
1336,61f79c2d7d1cb8150f3bcd657d51707579fd5868,cs.LG
1337,1116321e0226b928e9fec63c59e981cb7710f47c,cs.CG
1338,0fcb23317e14c95f78f6a626003cee73b73fb4cb,cs.AI
1339,4d87f212c4b14e58ffdc57d072719a080841e62e,cs.IR
1340,0fab54f1bd3bd9e4594864e0a71f501c3767b6da,cs.LG
1341,191815e4109ee392b9120b61642c0e859fb662a1,cs.AI
1342,02466a33d6691555a7dcfff5bf0fc83436195e5c,cs.LG
1343,9839336db4385a13f857ca494efbc3d0137df940,cs.AI
1344,577d8eaec36b875c7e85d4489245f0477dec2486,cs.DB
1345,11e56575750245eb9b8215dba9033fc5d1c97c32,cs.LG
1346,efc2dd1a94093e31024cfd7dd1d3a86d40f8a390,cs.LG
1347,de140ee4c800066fd980f09443deafe152e21549,cs.IR
1348,4e237df92dc6fd9a44db74e5d8e0ff2b11cd1c6a,cs.AI
1349,b4ba06e178e3a56436d1253b794669d4831be328,cs.CL
1350,8681e514fdb84ae19cacbdd2d60c74112d6b1672,cs.CL
1351,006906b6bbe5c1f378cde9fd86de1ce9e6b131da,cs.AI
1352,2fb92d384a5416877d52f7c3b6b6b2889e86d680,cs.AI
1353,658702b2fa647ae7eaf1255058105da9eefe6f52,cs.AI
1354,b5cd5db5ecc856e333f0b06e09c83f8214562ac0,cs.LG
1355,74de6f71cd60d8f1b057aa5bd99e8ee350822af8,cs.AI
1356,a0a02847fd9a2f6a3dc0d16821638dfd0dc1c2b0,cs.DS
1357,be7b102315ce70a7e01eb87c1140dd6850148e8b,cs.LG
1358,f575102a35d2bb38cd0adcda070b809980bddb0c,cs.AI
1359,39eb51ae87c168ad4339214de6b91e2e2fdcfaa1,cs.CL
1360,b6b73382c529686d4a919dfef83e0b84dadac42d,cs.LG
1361,d5e11bc965b62b486a7000f311787fe40b6c4515,cs.CL
1362,1c98f461933e8c232d875b802cee6d9e466bf4dd,cs.AI
1363,360254741625fdbd89693aaa212fb6c27122dcb6,cs.LG
1364,1d4cb4165138ffcd9e85a99c5f4c0d94c22cb85e,cs.LG
1365,4b0e3d0721ea9324e9950b3bb98d917da8acb222,cs.LG
1366,7a4659cc778b671632983117d94e74eb2751d7e8,cs.LG
1367,70af3ee98c53441d9090119f7b76efb1b6d03edd,stat.ML
1368,8b717c4dfb309638307fcc7d2c798b1c20927a3e,cs.LG
1369,f6ff54a82509f48847025621a4fa543902116f2b,cs.CL
1370,3edceae594b88563bcda0db2502b23b3d0d076b1,cs.AI
1371,8b874d6d1e86567128b4b7623f7e59bbbfe8bf22,cs.AI
1372,7b7bfdc2936f09b09943d78d7b4d596f27e3274b,cs.CL
1373,90b82c46173b5fe18cbd12371177e2281de6d647,cs.CL
1374,c9325f13d2f8f7331379928d8b3402242fdbfc0b,cs.LG
1375,4d5f4d6785d550383e3f3afb04c3015bf0d28405,cs.LG
1376,d6c09e2d4d86ec80ddb40d6b75cbcb579250724a,cs.CL
1377,e99e9e4c4e3a1e1b427caeacc4fe7e57459d6498,cs.LG
1378,aaaa736f75c639d810d1998286ef7652934d06f8,cs.CL
1379,2c4bfc80dcce81e837b174d0c8e9bf713fcb8a6b,cs.IR
1380,411f73290484edfd826b00fab081ac5fce9c125e,cs.AI
1381,6f4b7f6185b859478655bada08da13e6a843b67f,cs.CL
1382,d62c1d88d8ecf80e3e1efee1c659e21ea050202d,stat.ML
1383,4baf6f668b6b10a33a16f12aa51b0edef02b1c35,cs.AI
1384,6f5b5f6f48569f4db3da35a5c473f99fffe960e3,cs.CL
1385,840251547e11f070f3a5e5c2a303e6488a139077,cs.RO
1386,95c3d25b40f963eb248136555bd9b9e35817cc09,cs.AI
1387,883044047a74e4b62a8dde57bc26bcab9eb74f07,cs.LG
1388,6ef4758c9dffe8cfe9222d00efaac76b1a38d816,cs.LG
1389,c2f386acf06774e43b3d7359c7b899d403226439,cs.AI
1390,4a05e504e0823465284280cb5cc0a48c42e94032,cs.LG
1391,686c4cacaa5cd2e88bfc71f5dc8aa3caa4b39607,cs.CL
1392,15b8456d3a8200dc9a0d092674fa5e1f0af47099,cs.AI
1393,fec4996ce545c92fde1c3f8f4a0d9a222ca532bc,cs.AI
1394,f3494e3bad9db9b6e5e3e22b54eb374462cd507a,cs.CL
1395,e7b9f75e088372bf5cfb50ca00d548e7b6946d2a,cs.LG
1396,fdd4a9a3df1becd354a452b31106c0f7dd6394a9,cs.DB
1397,2930168f3be575781939a57f4bb92e6b29c33b08,cs.IR
1398,5e0512d7fe0eb96e159f999d6c591d8c8bb8bfca,cs.LG
1399,92c00b96b1ff6c63b26bc1e4b65711029984e9f1,cs.AI
1400,15c9684321f03744051bb73b4c1141507dc8ddb2,cs.AI
1401,46b5198a535dfcaf1cc7d57d471ad9ec050e46cf,cs.CL
1402,4e150dadcb8c630af42c0defd84b2721adae2d4e,cs.LG
1403,3de25a5edb3f8a9463c17850277f23f7fb56fc24,cs.CL
1404,ecb80d1e5507e163be4a6757b00c8809a2de4863,cs.IR
1405,9978dda9d0f91f7c89056a58fd9126481899b2ee,cs.AI
1406,0cf48d13e5c96f32be4c97c60f6228aacc1d82a0,cs.LG
1407,73047a0f0192a35d3b5c6f5ebeadf3706b17e4dc,cs.CL
1408,79d303f2a51e5ab2e25f095fed44745b6863c43f,cs.CV
1409,fcbedb12dcc3618df7a76012944c64fd62a18286,cs.CL
1410,5a30f9e14b964eb76ce78e177a25786b95e04e3a,cs.SI
1411,634cfec43844c73363e7d83e76335aa606cc9358,cs.AI
1412,138ae1c667c3571695ba548f1a485c68122bf2e1,cs.CL
1413,cd077f26767eba20c36c54a4dea96fb3b25dd9c7,cs.CL
1414,485e10907b290547488a85d633850f1a9c60b61a,cs.CL
1415,d77de3a4ddfa62f8105c0591fd41e549edcfd95f,cs.CL
1416,0076d535cd6c1acf42cd2b093b21a27f3fd01ddb,cs.CV
1417,b3652914b9e4adcdd745aaa852aec6856a6bcd17,cs.LG
1418,fdb87d305c59e9ab82a96198e34e46581b838c4e,cs.CL
1419,23830bb104b25103162ec9f9f463624d9a434194,quant-ph
1420,955fe2ee26d888ae22749b0853981b8b581b133d,cs.AI
1421,f216120e836e66d465b76bdfe416fcb394d600f3,cs.LG
1422,3f6861639551b33da7276b6e27a9933c467e9d3b,cs.LG
1423,4ca757157d3d3e4878ce7da961ab60ec09750109,cs.AI
1424,8f82e47cc0df89ef4e12237af595e752e4a98137,cs.IR
1425,ca01a20bce09396734d9375c1f8fe65aabbef609,cs.SI
1426,57f3b5e3b41fac84661d49299bd255dbf1c225a3,cs.AI
1427,6dcd0fada5ca9e261756e29e2f6497e46e2cad08,cs.IR
1428,c8c21f8f7d427446c11967ac967dcf500ae74078,cs.LG
1429,849967a7a8788c95995e5cbb9cd8e91eadb49f1e,cs.AI
1430,3f63468b058aaf79f6e4d9b688a5ecb075525a39,cs.LG
1431,1ab9a165e31e66c1808854d7ec15e39ccb9ed8e7,cs.AI
1432,dc62cfe0ac33377bb67388c75bf8e0716a2c3d71,cs.CV
1433,5902fa7e6f637fea16ff325ab0e25c88bf31f27a,cs.AI
1434,225df4a42f825265bac1f126b8cd5682257583da,cs.IR
1435,4c6e2bc8267e1f1a0ee67c6c5af855dd8f9b1fcb,cs.AI
1436,058d66e10a6eea8c16a5878f4b8ec83e7f3d1ff2,cs.LG
1437,4f6116cd58453f65feec0d1b7122c3a8c96d9bc9,cs.LG
1438,a2441d2c6abe9d42bead177aec40dd69dba6aeea,cs.CL
1439,c1d9583bc15f622773305fe033fccb67e15c8a49,cs.LG
1440,f3fa1ef467c996b30242124a298b5b9d031e9ed5,cs.LG
1441,9a2feef097e5c2c8338e66874682cb40cb9813bd,cs.AI
1442,a625dee1fb23d1c842a961bc354c0aef3a20c132,cs.CL
1443,117595877c1fca610f94c8d07009105092939ecc,cs.CV
1444,40cbdf5ac5dac74584d7080c0343b68833d30a82,cs.LG
1445,25f907a8b67a809e9aaef75c05232cb7a1df4865,cs.LG
1446,c40427b0521772909b44ca2b6da4ca47a2a407de,cond-mat.mtrl-sci
1447,405a7a7464cfe175333d6f04703ac272e00a85b4,cs.AI
1448,918f09f279080230f207b636145717c1fd81d58c,cs.LG
1449,c296f44468e89021adbe87aeec15f901e6368a9b,cs.AI
1450,a5b38f8986fc69b9edf9e4d596f4a30c62862126,cs.LG
1451,302802a0c929ceefa77fa4ea782248e6435c1312,cs.DS
1452,6e25c608be17fc5c7246a486f3cb27cb3d6c0378,cs.CL
1453,7084cc6a2e6136253e911e56ef1b131b2f01dbcc,cs.CL
1454,74ba72279af094d8e62dfa8d80a3a06088dd43be,cs.LG
1455,1ef642f9ad194d9a819bcb0e4cc7988d3b0d088b,cs.LG
1456,48e02bfbb5d1b69deee0e324e824a1f310f86172,cs.CV
1457,64f82cf7dc68fe028f280c61cc9734ab299b031c,cs.AI
1458,e8e10fd5c29a235cd5c5bc18e2bd9186ba60d042,cs.LG
1459,33e97a82a0931cc6d54ba1119d33dcf78b656ad7,cs.AI
1460,ef39b8a9c8f5df2efa81e7782eb7f42d814237b2,cs.DB
1461,2ca8aef0f3accdc93803d8231dad6ba573193e9d,cs.CL
1462,76412e797c50a49b5912f1813a008d6cf6ada6b2,cs.IR
1463,ba407532ee1e66ababc9863bc596d17b428d185b,cs.IR
1464,13cc91e0f5c4e73f53b7ac08029162b67470b077,cs.CL
1465,0f8506a27d91ff7a774744164a781ea50307649b,cs.AI
1466,018e629e5c53794ea7dadad623bdfa2bcf2c9f92,cs.CL
1467,bf48f46f59219694f63a60c77d90b0f7e4aff37f,cs.AI
1468,156ff95b180aabb98a83bf138ff321f108a4c408,cs.CL
1469,7e40a61b8faa5f71d5df67c0d0ece4bf6f62ce11,cs.CL
1470,e379f7c85441df5d8ddc1565cabf4b4290c22f1f,cs.CL
1471,27872281d8922831b967975033d0eba7a00fed9e,cs.IR
1472,c54fb59319288d0d17ad09e6b7dfee6d042f83a8,cs.CL
1473,d590078bf2fd66dd98c02f3a0b54c699b22861fd,cs.LG
1474,5dc88d795cbcd01e6e99ba673e91e9024f0c3318,cs.CL
1475,f0e836ef3cb6e74114b195d95ec2b8754598bdbe,cs.AI
1476,995f33b2359966dd364d2cf4bcf5e8d339cfecce,cs.AI
1477,de60e35f3a241cfa9c3f9da15b7ec9c8e8795809,cs.CL
1478,5abc8bd688df9f3699e37d1fcd8161279f42c2be,cs.LG
1479,6fbf5357da93659d61b02ab976687389d8ef50f1,cs.AI
1480,ff65e3bf34e892ef75d91c5e3d7294e0b64d867d,cs.CV
1481,4a2ff72e470ab2c470c2d1d7c45be7289a853b2a,cs.CL
1482,7213e1a1d0382321a05f257df4d7fb6f95586254,cs.LG
1483,a79b520571f7373cbeb8c6ffc02f6a719b3bce38,cs.CL
1484,695d4c04f6e4f7ba5f771ac7853fdbaa81713ae8,cs.CL
1485,727183c5cff89a6f2c3b71167ae50c02ca2cacc4,cs.AI
1486,366e9d016ec238d965f3c3c4674c6cba86760636,cs.LG
1487,f211a2123e28d60cd8cdc05449c3cb7da2610b0a,cs.LG
1488,021cbcd59c0438ac8a50c511be7634b0c00a1b89,cs.AI
1489,ee5ceab9fa5f3bad231469923a03ad16184b51b9,cs.LG
1490,1414c924be154c8ebdeceaebbf68e509f42faa40,cs.CL
1491,01ab4230385004031cf150a867e28811ab4b840b,cs.NI
1492,d3c287ff061f295ddf8dc3cb02a6f39e301cae3b,cs.AI
1493,e047b0fbc7abbc603c9f4780c821e40656c9c38c,cs.CL
1494,d25830e8e863e5a6c1f596c869ec183d5cf0009e,cs.CL
1495,bfcce714788e2d9183e7b377b90cea9dedca9036,stat.ML
1496,92aed073591c67874d21306d8b9efdd820f1e563,cs.IR
1497,fd1711beb9ba037c90f2ea4d116dbd2c20a9234d,cs.DS
1498,a38cc70ed2755bff4be3d3750e55cdefa241c91a,cs.LG
1499,ca9b8a0e9ea021aa91f7c34fe0c3e311e34d5e20,cs.AI
1500,b8916cc5ea5ddf7be51498837f8c8a948bdfff3b,cs.CL
1501,530ea52fbb4cd695711e43a53a26528786abe5ca,cs.AI
1502,f29267e26e72e93427b2db2d2a000f34491ca35d,cs.CL
1503,1904c44570c76ba1f35e739775d2a1221208d94b,cs.LG
1504,642196877ca4c09f581f54212e2000906e94d071,cs.AI
1505,e2cb1519e412ede8840c0e133452c6f640ce5328,cs.AI
1506,a059785b56f0f285422c098e972baed062f93661,cs.LG
1507,ecd1a69b31a4ed3f43675966a3f0afa6c6393f24,cs.IR
1508,6d40db49cec2a543e01a4ef651f053ae935274fc,cs.CL
1509,d867b5dcbf9852ee75fe36b51364381e1192f492,cs.CL
1510,6d61d27237ab28aeefb19b80db3ddba4e2b3b066,cs.AI
1511,a3f3b1a7b7a1d77fa6fbd7ffcf6b488d26f6e639,cs.CL
1512,8b0582bc8cf882ecaebeb0336b2b3876e790c98b,cs.CL
1513,07e1130af34f0ede96e67efb2958874fc1b83bda,cs.LG
1514,42cecf9919af531a5134f51a1652b2145b9455e2,cs.IR
1515,3b484b7660898ee467b73a1bb8f5b1c47e9a6837,cs.LG
1516,054f8e72919fb3140f95e259f7de143b9845cc8a,cs.CL
1517,8423b0efb07abbb121678556901119203308c1c3,cs.LG
1518,87d3b93d74876383d1a3e603aa6e115ac0e96e37,cs.LG
1519,7bb4cd36de648ca44cc390fe886ee70a4b2ad1ac,cs.LG
1520,faff441c3b17abb7ff70f019dcb8b9e38cce70f6,cs.CL
1521,4159c233b9c94062c25d21f3869cf6dafd6822a9,cs.LG
1522,225d571f97f9097be436626f225cff572007aaf4,cs.LG
1523,81ee8e1e9bcdd8f2812caa2ab133c62b75814fc4,cs.CL
1524,ac95f20c72a3c2e73b8bbaddbb64f978d0255ad5,cs.LG
1525,db96374f9337e36ef034174b81764e980b96d3fd,cs.CL
1526,250e1cefa9b4b0d7274fd61ffdf25382a3f23419,physics.soc-ph
1527,dc89b23a629b05017f71bbd68235cf8e7e6e7de5,cs.SI
1528,3f449a28dce59a1906bd64a6be52440756b9e0e0,cs.AI
1529,e70bcd320f96bf1b20f9102cb1db4725ecf903f5,cs.LG
1530,9726c31a32aa5cbdba057dfe4ff6dcea5299a903,cs.AI
1531,fa99e2434b7ac9f924e61f21a2af422cf2e6a7dd,stat.ML
1532,b3525e7911510e8b1adbb4290aefdaef7c0bd455,cs.AI
1533,760c6f67a7d2c23b57a127ed8af5676641987aa6,cs.AI
1534,6406d8f7f272ade67b0c990ff1a13153d956645d,cs.LG
1535,4d836af547c4cab3b6335d19f23d1a1fe04cba80,cs.LG
1536,2ac28738b6d34ca84f3c4e7ebc8dece6bae08f3c,cs.CL
1537,05f9689124903a6c6537421a16b7a4c6b4b122d6,cs.LG
1538,372e90d942d299876989ff433c3fa132e9cb5857,cs.AI
1539,c0dfef0f0c390ddd175cb4e5a3f9b6c8ed8a88dc,cs.LG
1540,b0ed1739acc02a6c688dbb90d8f1127b9f0a7446,cs.SI
1541,69e1ef836726a3b0c1d04d7ad8c65a06d8fb1481,cs.NE
1542,a556065070a5fb81ccb6bdc352f5aa7a26152705,cs.NE
1543,bf9fd7e61ee227824e4b05a35a101330d96fb65a,cs.LG
1544,e452c1aa68173d6a1d3aefd9f08f70e43b0c59f4,cs.CV
1545,1dba7612a327a224a038bbe19701285f5e478a71,cs.LG
1546,0814336ef1be7eac6fc8f26ea19751fddee412db,cs.AI
1547,cff582c6d7a28c48e0d37ac3c10ea9a8c3fc4e78,cs.LG
1548,f78894c38cfd6404220b2b55b7f0f8c4fecbc34f,cs.LG
1549,8ba64c095f4640e1227cf462929f66761901057f,cs.AI
1550,36cdee055312ea02c2fa6ee8d51730fc0065276b,cs.CL
1551,f7b42a7d2d1b7098362b2243d6f1c5650d683985,cs.CL
1552,12e13ce90575a1cde4728297ebe32e20b1eae87c,cs.LG
1553,48500c201038e998536e711116121623444781a5,cs.CL
1554,479e1ba1618d35c893aa04dad3d6b6e27eda17cb,cs.AI
1555,771edb7179bf289cde6a07ab667f5ca7686c1c38,cs.LG
1556,04e00a4f0d5b7aea0cd51cddefbf6c8b48318dcf,cs.LG
1557,c43dba06605a967e72c356175a11171a6315f411,cs.LG
1558,54fec6e1220f937cb60fefe296f52d09712e9dee,cs.CL
1559,32ffe25173dc38eb672e06b705519c66252bbf16,cs.CL
1560,5d343ef364705045bb5def6c4cb138bb6cec1b3b,cs.LG
1561,6602100baa3399b5d3a390d6281a7caadb626ea6,cs.CL
1562,73985d7d464f5d0bb43df0c07c96c1d8457e21b9,cs.CL
1563,483f913b897675a8fb183407240a144c752413c5,cs.AI
1564,33cc24c32e8ae4361e439237e0711806d8dad00e,cs.CL
1565,991b64748dfeecf026a27030c16fe1743aa20167,cs.AI
1566,c4794d36d8be8bf5ed271a84369fd82d8c1a8d3e,cs.LG
1567,8408b7e251cb0f8c7131b0d10396f9e3022710e1,cs.CL
1568,815c2f980aa1f7f52a84bc4df2ebdf26e03bd6b8,cs.AI
1569,219c8860b2f027b640ea38decf143a7b1ba135d4,cs.AI
1570,448d574acace43956d262fa0bf4d9e077e8ae9b5,cs.IR
1571,7242a2501e1bb31a2100890c126aaf7fbfcd0c8a,cs.CL
1572,a63eb28869a9ab461bf93199e6f91791ad80f245,cs.AI
1573,d065776c44d8a47d060c470bc58bdb7f8eb5d2ec,cs.DS
1574,804300e74f1f1f2348185c1c3aa7cbb20fb805ba,cs.LG
1575,38914edb0ef813be2aa7e4e802c8853e8e8789ea,cs.SI
1576,e9da2ce19846c5dd2497e323ebbacd991fbe1c20,cs.LG
1577,adb7126697055f125d793636e532d95317fd8011,cs.CV
1578,e0d8a2d9d298d0132d7c12dfeab7c1ee090260d9,eess.IV
1579,827be8f8c045d9c3fb27aa89595efa8a931d8e83,cs.LG
1580,589a8804fd281bd59a800e3567727a4acfb2196e,cs.LG
1581,534f4e7eca88a6909c6374b430f76ac6aab3ce25,cs.LG
1582,b3cbbc1f34a20c22853f3dd347fd635b2e414fd5,cs.LG
1583,a21e4239f2a3766ec21a906145f9dbe65806928f,cs.AI
1584,a4dfb121275a6408d290b803baf8c9caeb23dc5b,cs.AI
1585,dafa2aad0a9be3267abc84a2a9f6ba23fc6fdae8,cs.AI
1586,2e925a02db26a60ee1cc022f3923e09f3fae7b39,cs.AI
1587,389935511c395526817cf4ae62dae8913845ebdf,cs.AI
1588,34a88cf6dc32ed7d1fdebe282461ebb5c6288ac5,cs.CL
1589,7104086a40fe0c3c8ff05563547fcde3d023272a,cs.LG
1590,fe723bd74b784dcf60de5c8d2e1e9a8ab2a453f7,cs.AI
1591,ccc03bad3399c5e73eae0f3176ae98cdc0a48847,cs.IR
1592,590c3fac770c331e5936c9b5434260ec56546214,cs.DB
1593,e883bd7f2b4574d1e066b5bfb30b527635bda36e,cs.LG
1594,f9bea5c0e5f9fd96cb8a8a488be76dc51fef6224,cs.LG
1595,8ae58662fd138d4100a531bfbcd1b60442cecd12,cs.LG
1596,b2e530401669e111b548f86303a3fedc0011bed7,cs.LG
1597,c51525467eb7929f375c6c759c8c057b09cabd92,cs.AI
1598,43b3cadb54c6dfa6ef12e89374e7e668146c3bcf,cs.LG
1599,54eeb37775f3529b9f4f97f2383e9f34b8a2f6ab,cs.AI
1600,09e23fa966187e16b6e878edf7e24939bde2bfdc,cs.AI
1601,0746153f09154d1a4d778a803eb2c2168e56132d,cs.HC
1602,f9b4ad114bc9aae49f59b30592a7768c8f2e132b,cs.AI
1603,3b7750ebd7be28146ed09fc17df8cd6ea6c360d2,cs.LG
1604,857176d022369e963d3ff1be2cb9e1ca2f674520,cs.CL
1605,f6297a372bc4e6b4843a251b73fc46f720386e33,cs.CL
1606,8f096071a09701012c9c279aee2a88143a295935,cs.LG
1607,26b1686be1dcf7d73d071f1a2340ad9bd6724bc9,cs.AI
1608,36badeefc8a9743a834195e8082e70af23466bbf,cs.LG
1609,2b4f212522b1744fcfdad2d591abda2db66db7d8,cs.CL
1610,d97b04b3399b404581c5caa9e96331413cb432dc,cs.CL
1611,9821928eee1ed1f36a2f5f935a5d31a71eede6b7,cs.CL
1612,1bf4bcc3c6faf50da7e9ac390056908e215df3f8,cs.AI
1613,5f5c771b44e3a5da5d6932b7afbe65ee969066b5,cs.AI
1614,2670f82ba385ac3dab469d5f44ddc5c4fe75dbea,cs.LG
1615,50e7017c7768b7b2f5215a35539db1490ddc37ab,cs.AI
1616,0e31660210a4f683fe22acd5bc53f737d765f1f3,cs.AI
1617,301dea3fa98907cd4c6201452a50019dbd6b4ca4,cs.LG
1618,9f896ddc5d522ac91fc5cbb0cab59eb4f450efb8,cs.CL
1619,b665dcc19a7e698fbbfce8c87861636c700fef12,cs.CL
1620,1a10ff8e42059451b1e0a40d1732175d0386a744,cs.AI
1621,e113570afc29562bfde48f89fbb5efa624610573,cs.CL
1622,2df54625a0fe973f6def6487e423ce671af44c56,cs.SI
1623,a8477f464abe9dce18afdcbef054e464bb1dde68,cs.DL
1624,da40ffc84a6188f64175387a6198f67647c6f088,cs.AI
1625,0aad65dc91ea438211ccf2a978b5690f5615fd25,cs.AI
1626,767af7309ccbcee8eb9eb003cbc42e71e23136d6,cs.LG
1627,e468efa59a621f49709ded07ba18ca7751ab91e5,cs.SI
1628,11a81690fb02bcf7ba1b78502e6e0501643ab1a5,cs.LG
1629,d73c719e34acacd663446e34d5161d49d7356413,cs.LG
1630,6fcd6f350571ae102fea5315ecd3e9ca18814de6,cs.LG
1631,c02d1a9a65face5c22eee3d1827994297ad7b82c,cs.LG
1632,2cab7f5d64a427cb59fb21112fe8dc28fb753b56,cs.CL
1633,96274fe5c7b77dd5d8219508923bd74443c0e2c7,cs.LG
1634,6527af8ded1f71296d1b1fe8bbc18b4ad2bcd54e,cs.IR
1635,4e53b481beabba42aac027e5a8c69fed26ab4062,cs.CL
1636,c586b86fc91b5a5657b1111340a7887912eb1110,cs.RO
1637,e6f01e0b2e8ec7c8e97161806f8bb87ef5e64d1d,cs.DB
1638,049b618cd54e22218ec02a83206fd1fa2c464e75,cs.SI
1639,10be7d45b3736cb9eac13a0c07d00c7f8e4f84b4,q-bio.BM
1640,80720862ff8de9e0c71f7d85000f036e4c033763,cs.AI
1641,1906d99cdb49279a66599cd5e24e9fb9ed76cf31,cs.AI
1642,b64254d40e13a24385c4d7abad3281118beb2838,cs.LG
1643,a0344c4d7720757a24932b2d8a1486ff9fddf5d3,cs.AI
1644,6dcf99983c200ff777754e82df270b33f6a76f3c,cs.AI
1645,976ccd40b770c6f7e39ca73399ba1343241fe066,cs.AI
1646,576e956f755d5c353066739bfbe82334a388ea4f,cs.AI
1647,01813d06675d364fe16e4c9075a2a08929d08220,cs.LG
1648,cbd7b827c541ed6a5d944c21c2bff2887c273413,cs.CL
1649,caba5f99e464d49fbfcb2eb732433aca8111dcaf,cs.LG
1650,e42fa48f49e7e18bf1e4e5e76bb55ae8432beae1,cs.LG
1651,a9bffe9ed2ec95bac09b9eb575316fd0b6006f5e,cs.LG
1652,7f5d97b9fe76a4b35d226462a72530a3e76dad58,cs.CL
1653,a48bf0c4239c7db0d36bed98cd4f062f521fe01f,cs.LG
1654,9346f54c3f9780edb7274ff8c5b32ce9badf0d10,cs.LG
1655,367d00e083764bc069514ee7e849084fcb804f68,cs.CY
1656,60347869db7d1940958ee465b3010b3a612bf791,cs.AI
1657,6a6e4f13a4577497a95ad8e1acddcee1d335130e,cs.CL
1658,c3cda96a63e55d1fd93f3eb9d883b85d4ba3200a,cs.AI
1659,81c420b949103b2c433dfa4671e87a2f6b5008e0,cs.AI
1660,b6839f89a59132f0e62011a218ec229a27ffff6b,cs.AI
1661,0c007e000eaf59e86788b45b70879612cde2e8ee,cs.AI
1662,36bf3ff093d85862553d5c9e419da7b8877b45bc,cs.LG
1663,829ab35ded357b79e70e0ba4a6e4aee9f9705981,cs.AI
1664,9d0148f4d965a5b6eb779bdadfc97eb5ab521381,cs.LO
1665,cebc3bb0e455560f0f359df37a870ede287f23c7,cs.IR
1666,4909a83d68dbf8625766aba929eb84891afbfdb5,cs.CL
1667,5e398363e3d34de8278011003f724e0f36c35acf,cs.AI
1668,fddd3dab90c243ab7fc038bc6449ef62c0e06037,cs.LG
1669,59908b48800a59dc5e4ba0c2440b94b12462b32d,cs.NE
1670,a2c7d81e5956b38eb296b079ce4f116083d2bfd9,cs.LG
1671,a7b4200ba102ac810af993a2873ecff46ab53b2a,cs.LG
1672,a466d10b80dbdee3b130bef73ec62f3a89eb389b,cs.CL
1673,607e0bafc04bcc93089d25fed6d2ba1a41637ed7,cs.LG
1674,7b3ea195e646d061cff1bafa02f1005d23d5770c,cs.LG
1675,c6e0d70a81a83143d1f3b220d0941843ca03ca71,stat.ML
1676,83bd193b7b35842aae04c5214e6e92961106017d,cs.SI
1677,7b13f5ed0ef0a50e243e8169c236b91af822bee5,cs.AI
1678,7c008e9f16a9457a630eae049a4bebdec9f608db,cs.LG
1679,72d22f27191d455a52fe814bb8667177b361f430,cs.IR
1680,90450fe686c0fa645a1954950adffc5b2401e4b7,cs.IR
1681,19a672bdf29367b7509586a4be27c6843af903b1,cs.AI
1682,bcdb8914550df02bfe1f69348c9830d775f6590a,cs.AI
1683,04d321c3c5e5e328c1c4f3d1d45be8d03e585a09,cs.AI
1684,402bed9904d8e033cc3f4fa38ed66e4a3db251ec,cs.AI
1685,bd09c787115af801e9e6f08bc5781f2ba2426795,cs.SI
1686,b16c0352cd70fe3442f648fdd1d1b49a7e830e9d,cs.AI
1687,a77b3c5f532e61af63a9d95e671ce02d8065ee24,cs.AI
1688,50a9d667c1175a059ad4e046fcf9345d0acbb76d,cs.CL
1689,01db81ca748f636682e3f5c48be56171fd92895d,cs.CV
1690,d2ae5d2a7667239db409144a471057208d4b5596,cs.CV
1691,781402fae3a7a44b90855eeba8e96a872347fd4b,cs.AI
1692,f70d4f4dd51b43444d0d612e54711bef0fb4fa14,cs.AI
1693,84016ab6324eab180e1a7748178a91f6100c2fdd,cs.CL
1694,9cf5650c19942569367ae2e4c833d55f3ef0aec6,cs.AI
1695,4f1fad2a0aed0ffc435ef031ba31214f2ee65ca9,cs.LG
1696,0d77d3db4a7633b35698e4849d3c145158a0c7b4,cs.LG
1697,cc81690293986dc803a035c3d4fa62e460bb2184,cs.CL
1698,a64167fcaa7a487575c6479510e57795afc9974e,cs.CL
1699,7198f506f09675803163bf3485edfadb89f577da,cs.LG
1700,55b8c6036bfae85ad478e6483754ac89ed6e8738,cs.CL
1701,5e61d41899c29dd76c6fbc5a54acf4eb5c1b4244,cs.CY
1702,4d336e6510d96daef3339e9a4d5323af367d9ea2,cs.LG
1703,2583b76e110b76860a0f0f87c3b65d44b9fc243a,cs.LG
1704,1319080d08861fbf20ba8c6e3157223e43d7b09d,cs.CV
1705,d64befb74b871231418a0e4dd1bd2b5ae0eb9e0e,cs.AI
1706,09a416c88b9fb9b090cd82e883d46a53b4a8cece,cs.LG
